Action Entropy,Policy Type,Potential,Collision Likelihood,Trial_ID
0.1,Global Feedback,0.7124075592089573,0.0574196779706587,0
0.1,Local Feedback,0.0693713228666356,0.7528539655718901,0
0.1,Global Feedback,0.6800348139654534,0.0285814356784934,1
0.1,Local Feedback,0.2662658726621458,0.3787511658220949,1
0.1,Global Feedback,0.5118395758290802,0.0705546718879849,2
0.1,Local Feedback,0.13824518654464787,0.6308083093025771,2
0.1,Global Feedback,0.2753194141693951,0.2189006753710263,3
0.1,Local Feedback,3.3521194189832917e-22,0.8,3
0.1,Global Feedback,0.5526019725861533,0.0628979856690596,4
0.1,Local Feedback,0.3705766436449223,0.1544463770169565,4
0.1,Global Feedback,0.3721312471784662,0.1016138229944954,5
0.1,Local Feedback,0.020138177891547083,0.7677085919899357,5
0.1,Global Feedback,0.3840294810755756,0.0494480028865152,6
0.1,Local Feedback,0.0782768357259212,0.5817469377355611,6
0.1,Global Feedback,0.1800643339782945,0.4431706149753224,7
0.1,Local Feedback,5.886444335222267e-55,0.8,7
0.1,Global Feedback,0.5185342856716462,0.1015983228998449,8
0.1,Local Feedback,5.4620571445200616e-05,0.7999976701598248,8
0.1,Global Feedback,0.3320220407750805,0.0082887546317248,9
0.1,Local Feedback,0.0641300360648547,0.5841185311203985,9
0.1,Global Feedback,0.5585494563584444,0.2078375371663209,10
0.1,Local Feedback,5.648970928696403e-22,0.8,10
0.1,Global Feedback,0.265736308443854,0.0721604282784279,11
0.1,Local Feedback,0.05755081655641966,0.7104758142137034,11
0.1,Global Feedback,0.2509624472192326,0.0905178616977906,12
0.1,Local Feedback,0.07604469236535555,0.49899624417890664,12
0.1,Global Feedback,0.6864075765814903,0.0206056738274473,13
0.1,Local Feedback,0.10117524789614363,0.6734693106858718,13
0.1,Global Feedback,0.3146770472047007,0.0970227654488279,14
0.1,Local Feedback,0.16761714512071102,0.27928609453455067,14
0.1,Global Feedback,0.3069018949264847,0.2982265989807584,15
0.1,Local Feedback,9.20243486217719e-08,0.7999999996555598,15
0.1,Global Feedback,0.5103372264260544,0.0568326083052956,16
0.1,Local Feedback,0.023126752067875553,0.7640683563217889,16
0.1,Global Feedback,0.2180778339843299,0.3949938555544928,17
0.1,Local Feedback,3.894701331296884e-49,0.8,17
0.1,Global Feedback,0.5615155709683773,0.0488398211391871,18
0.1,Local Feedback,0.36626541507039506,0.07097759973583824,18
0.1,Global Feedback,0.4394432114711816,0.0532748254375685,19
0.1,Local Feedback,0.25080477607210133,0.4245250440607185,19
0.1,Global Feedback,0.2127329869947349,0.3959579477319174,20
0.1,Local Feedback,4.349093177395958e-36,0.8,20
0.1,Global Feedback,0.5099317790677399,0.0130571988076819,21
0.1,Local Feedback,0.3098102027981335,0.0042759233321745605,21
0.1,Global Feedback,0.3355346147796764,0.243943306284141,22
0.1,Local Feedback,5.80318827589466e-05,0.7999957150854936,22
0.1,Global Feedback,0.7009612625671968,0.0415966843662769,23
0.1,Local Feedback,0.05459854694267724,0.7518364840404388,23
0.1,Global Feedback,0.3251761207240262,0.1977581767970543,24
0.1,Local Feedback,1.815855940860658e-08,0.7999999999212826,24
0.2,Global Feedback,0.2183589047978236,0.0861881029947746,0
0.2,Local Feedback,0.015052538988882189,0.7777690510251031,0
0.2,Global Feedback,0.4265372578083597,0.1746887470002048,1
0.2,Local Feedback,0.0005325249535199323,0.7998664185419505,1
0.2,Global Feedback,0.0790396065839134,0.2963877833910695,2
0.2,Local Feedback,1.5511206372571634e-34,0.8,2
0.2,Global Feedback,0.2182923503761521,0.105329264161617,3
0.2,Local Feedback,0.011159500009875138,0.7881280188492675,3
0.2,Global Feedback,0.2242536202806073,0.1736026204975504,4
0.2,Local Feedback,0.002206249640800828,0.798326420804039,4
0.2,Global Feedback,0.1328157439597201,0.0938169238442002,5
0.2,Local Feedback,0.10911978215690181,0.00214146885122168,5
0.2,Global Feedback,0.345338826015696,0.3559549221985298,6
0.2,Local Feedback,2.985772828783275e-34,0.8,6
0.2,Global Feedback,0.198373101304782,0.2844086369571474,7
0.2,Local Feedback,0.00010164436979721251,0.7999816607923623,7
0.2,Global Feedback,0.3838786186135897,0.0875046950755007,8
0.2,Local Feedback,0.008554690436746972,0.7912186844847424,8
0.2,Global Feedback,0.1196071845510013,0.0603411485753182,9
0.2,Local Feedback,0.11277352047019003,0.17490787609238098,9
0.2,Global Feedback,0.3775896769701903,0.0573978844136038,10
0.2,Local Feedback,0.0011396690210310914,0.7996851691124512,10
0.2,Global Feedback,0.2164594976808871,0.3037174374555821,11
0.2,Local Feedback,4.257571369699279e-14,0.8,11
0.2,Global Feedback,0.3447140367143665,0.0868670804940106,12
0.2,Local Feedback,0.003847783196386496,0.7970206184569836,12
0.2,Global Feedback,0.282156047087609,0.1472564278882486,13
0.2,Local Feedback,5.613730385797395e-07,0.7999999927524365,13
0.2,Global Feedback,0.34924082919126,0.25415273086004,14
0.2,Local Feedback,1.6192134559568087e-26,0.8,14
0.2,Global Feedback,0.5431556695713798,0.2364938776471341,15
0.2,Local Feedback,6.671290500578287e-20,0.8,15
0.2,Global Feedback,0.1674307808986169,0.0526515909314794,16
0.2,Local Feedback,0.1130795173518533,0.46337987229134775,16
0.2,Global Feedback,0.2666365942509724,0.0483157687660893,17
0.2,Local Feedback,0.2124829602661262,0.14628071789050265,17
0.2,Global Feedback,0.1791851961530321,0.0886935004052956,18
0.2,Local Feedback,0.1206071178338148,0.2979263867277049,18
0.2,Global Feedback,0.1617318418473698,0.0860357122358331,19
0.2,Local Feedback,0.06885078182209631,0.5594492296115672,19
0.2,Global Feedback,0.191037981814043,0.3320094168855272,20
0.2,Local Feedback,3.3527954242113446e-20,0.8,20
0.2,Global Feedback,0.0737321363201569,0.0946372767081098,21
0.2,Local Feedback,0.048713520093252444,0.41545353011438996,21
0.2,Global Feedback,0.2505363027267667,0.4405412695062962,22
0.2,Local Feedback,6.352377518037788e-42,0.8,22
0.2,Global Feedback,0.1078554699238996,0.3239829088245534,23
0.2,Local Feedback,2.611064478894303e-33,0.8,23
0.2,Global Feedback,0.1640738939692537,0.2163767958199736,24
0.2,Local Feedback,1.0299784112945236e-13,0.8,24
0.3,Global Feedback,0.1024146175015072,0.2304150893917562,0
0.3,Local Feedback,3.439664813706181e-16,0.8,0
0.3,Global Feedback,0.271957504038166,0.1405763341561987,1
0.3,Local Feedback,0.048181311670916036,0.6539765951726434,1
0.3,Global Feedback,0.1837556218155836,0.3721693409246134,2
0.3,Local Feedback,2.1684520529664385e-38,0.8,2
0.3,Global Feedback,0.1174179101796235,0.1071395783984832,3
0.3,Local Feedback,0.10209333593469833,0.08407127760124121,3
0.3,Global Feedback,0.0379912264165522,0.315833484228481,4
0.3,Local Feedback,1.7322290203531206e-40,0.8,4
0.3,Global Feedback,0.1367768113699898,0.1744869712062384,5
0.3,Local Feedback,0.00014943799131377148,0.7999543389856246,5
0.3,Global Feedback,0.2091837629247289,0.1544003478513862,6
0.3,Local Feedback,0.0776019057079327,0.518072871611474,6
0.3,Global Feedback,0.1904437436321188,0.2188606194490463,7
0.3,Local Feedback,0.13130753556044206,0.02505608876556456,7
0.3,Global Feedback,0.4645453679382674,0.1747777005182766,8
0.3,Local Feedback,0.0011111742737109599,0.7996575095892787,8
0.3,Global Feedback,0.4175084982584698,0.1168924669877631,9
0.3,Local Feedback,0.007502020556089323,0.7939374745495411,9
0.3,Global Feedback,0.1601315777067102,0.2014575365097973,10
0.3,Local Feedback,0.01606317629273552,0.7703174529168,10
0.3,Global Feedback,0.5648346595893177,0.0823891743936648,11
0.3,Local Feedback,0.09589922817280223,0.6137263382073539,11
0.3,Global Feedback,0.2842835901776596,0.1130508697206924,12
0.3,Local Feedback,0.026032056258289523,0.7575129149569358,12
0.3,Global Feedback,0.1765351719062924,0.1006124049884142,13
0.3,Local Feedback,0.004440086601991783,0.7937216277687917,13
0.3,Global Feedback,0.2267816566277456,0.0936780336561197,14
0.3,Local Feedback,0.04584279659101978,0.6374618271234098,14
0.3,Global Feedback,0.2188360217065909,0.0867617610109986,15
0.3,Local Feedback,0.08340401067486446,0.4889655883756625,15
0.3,Global Feedback,0.2234875698568205,0.2998928289417694,16
0.3,Local Feedback,9.216869356426187e-21,0.8,16
0.3,Global Feedback,0.3140703300153994,0.15012064603076,17
0.3,Local Feedback,0.045362514837273916,0.6891739170459554,17
0.3,Global Feedback,0.1057314204334564,0.0895566688635031,18
0.3,Local Feedback,0.06970133943114173,0.3212245184496483,18
0.3,Global Feedback,0.0813389558794095,0.1216538533094508,19
0.3,Local Feedback,0.017934176817113064,0.7448982526763821,19
0.3,Global Feedback,0.1106063424790915,0.1100217979482589,20
0.3,Local Feedback,0.07507591017364133,0.5200218657162692,20
0.3,Global Feedback,0.0887701160766232,0.0863733606653565,21
0.3,Local Feedback,0.0868307363662207,0.07465114178646873,21
0.3,Global Feedback,0.1074472549116178,0.0444189475740397,22
0.3,Local Feedback,0.05650505675905652,0.5818699628813088,22
0.3,Global Feedback,0.1676844445204268,0.1089522323761752,23
0.3,Local Feedback,0.006007366724338427,0.7911599129645892,23
0.3,Global Feedback,0.1264104160943135,0.1766208348464086,24
0.3,Local Feedback,6.245042040395048e-17,0.8,24
0.4,Global Feedback,0.1461345816220388,0.1522480842362277,0
0.4,Local Feedback,0.00010738831421644434,0.7999762203317727,0
0.4,Global Feedback,0.4055174395162612,0.1815962030777277,1
0.4,Local Feedback,5.843065632439499e-05,0.7999972631493012,1
0.4,Global Feedback,0.2123365804317094,0.2248219107819762,2
0.4,Local Feedback,3.8177142411581905e-22,0.8,2
0.4,Global Feedback,0.2285513492672858,0.2177034525543255,3
0.4,Local Feedback,2.251588048858203e-13,0.8,3
0.4,Global Feedback,0.115577910338633,0.2382024406731862,4
0.4,Local Feedback,6.683213660938476e-20,0.8,4
0.4,Global Feedback,0.4012525297728116,0.19502322108878,5
0.4,Local Feedback,4.952627344460577e-11,0.7999999999999928,5
0.4,Global Feedback,0.2607065779676175,0.1783106955887169,6
0.4,Local Feedback,0.04949525221374175,0.7049904474687401,6
0.4,Global Feedback,0.3209825759674979,0.2272525050066026,7
0.4,Local Feedback,9.948291355137726e-19,0.8,7
0.4,Global Feedback,0.1161298119349225,0.2889953531880634,8
0.4,Local Feedback,2.3029020093159404e-29,0.8,8
0.4,Global Feedback,0.1893050006809541,0.0761127408060113,9
0.4,Local Feedback,0.11043137444740911,0.3749815979460616,9
0.4,Global Feedback,0.1007258696849872,0.1061705582541187,10
0.4,Local Feedback,0.08586985026527441,0.39101224112281746,10
0.4,Global Feedback,0.1863200637753727,0.1054451477449314,11
0.4,Local Feedback,0.06306930566347428,0.6035734345742731,11
0.4,Global Feedback,0.1703903904285973,0.2714332724873374,12
0.4,Local Feedback,3.5131519485554423e-22,0.8,12
0.4,Global Feedback,0.1959163291145085,0.0753695476849911,13
0.4,Local Feedback,0.1513263577542984,0.3144381739938532,13
0.4,Global Feedback,0.3510371793583202,0.1713811890714736,14
0.4,Local Feedback,0.006324513894683017,0.7970249506493939,14
0.4,Global Feedback,0.2768875797468157,0.1609946476201588,15
0.4,Local Feedback,0.11607064657215066,0.21290739163251715,15
0.4,Global Feedback,0.1542419969859733,0.0731826175283861,16
0.4,Local Feedback,0.1522725592484646,0.05468421393664672,16
0.4,Global Feedback,0.3328627275194185,0.0552301995937272,17
0.4,Local Feedback,0.16275426809832746,0.18624106691665512,17
0.4,Global Feedback,0.1182795479968237,0.2544708191994019,18
0.4,Local Feedback,1.5245157460041678e-29,0.8,18
0.4,Global Feedback,0.3111740955239246,0.153902975108101,19
0.4,Local Feedback,0.08019576050889302,0.6241226209228382,19
0.4,Global Feedback,0.132390926206684,0.1014215277669214,20
0.4,Local Feedback,0.1182509758763252,0.08732798706255736,20
0.4,Global Feedback,0.2990143040508331,0.1308168077100995,21
0.4,Local Feedback,1.137809740113666e-05,0.7999995611229904,21
0.4,Global Feedback,0.4026585363006035,0.1539528781745409,22
0.4,Local Feedback,1.2454419332852386e-11,0.7999999999999985,22
0.4,Global Feedback,0.3960258117280365,0.0630777149792419,23
0.4,Local Feedback,0.10903984901979773,0.5772055878994576,23
0.4,Global Feedback,0.1399866985522094,0.105089410099715,24
0.4,Local Feedback,0.003985832410893404,0.7952765443311242,24
0.5,Global Feedback,0.4015389238172346,0.1981227915321604,0
0.5,Local Feedback,5.513372517017453e-18,0.8,0
0.5,Global Feedback,0.2787447814351445,0.1797753126242758,1
0.5,Local Feedback,1.4698642781650856e-08,0.7999999999664672,1
0.5,Global Feedback,0.6715806347771265,0.081342419816113,2
0.5,Local Feedback,1.649513741715982e-09,0.7999999999994606,2
0.5,Global Feedback,0.5108922181648944,0.0937153577687022,3
0.5,Local Feedback,0.15766086404949287,0.5874989443391516,3
0.5,Global Feedback,0.3851382622718265,0.0832392871341206,4
0.5,Local Feedback,0.15685221955181483,0.5212636410500439,4
0.5,Global Feedback,0.3136949774249167,0.0809013232422768,5
0.5,Local Feedback,0.1517947041575949,0.48359122821250616,5
0.5,Global Feedback,0.5078733447893587,0.1250168315522921,6
0.5,Local Feedback,8.329842858043021e-06,0.7999998117063121,6
0.5,Global Feedback,0.7042125670228029,0.0598727966841854,7
0.5,Local Feedback,0.02969864803114804,0.7797058170612465,7
0.5,Global Feedback,0.2676836894213873,0.0787189307817545,8
0.5,Local Feedback,0.09187072896808818,0.5842529670005154,8
0.5,Global Feedback,0.4610939972836618,0.1727196860580574,9
0.5,Local Feedback,1.3340175680894033e-13,0.8,9
0.5,Global Feedback,0.3452528491208607,0.1695856840328724,10
0.5,Local Feedback,8.043183834970178e-15,0.8,10
0.5,Global Feedback,0.3429938840933613,0.0836058411639315,11
0.5,Local Feedback,0.2115059497509465,0.21704093217872522,11
0.5,Global Feedback,0.1773338537517002,0.0709429627878188,12
0.5,Local Feedback,0.19392809500562344,0.09679923920205977,12
0.5,Global Feedback,0.5889916629423759,0.0737346887142847,13
0.5,Local Feedback,0.08792476058938388,0.7367091712194596,13
0.5,Global Feedback,0.5124070170779734,0.0888719870435691,14
0.5,Local Feedback,0.05555947816247942,0.7506397062620432,14
0.5,Global Feedback,0.2968455775121222,0.0766603231402498,15
0.5,Local Feedback,0.17721244554004267,0.29133963552811964,15
0.5,Global Feedback,0.3449492937847288,0.229979321072927,16
0.5,Local Feedback,2.3917182923986144e-18,0.8,16
0.5,Global Feedback,0.6470355869794654,0.0705437767754422,17
0.5,Local Feedback,0.32222947703924093,0.2688632313120411,17
0.5,Global Feedback,0.6975485337385527,0.0414570646771726,18
0.5,Local Feedback,0.3487082686907648,0.1950598161397541,18
0.5,Global Feedback,0.784436590835078,0.0539764887956865,19
0.5,Local Feedback,0.0026745831130575892,0.7994636070903244,19
0.5,Global Feedback,0.5100900235750028,0.092721454334093,20
0.5,Local Feedback,0.29190581913608715,0.24348071124616644,20
0.5,Global Feedback,0.8123683374915389,0.0321279090859767,21
0.5,Local Feedback,0.3332596198995819,0.30810826400786756,21
0.5,Global Feedback,0.4721263884936502,0.0816877799219899,22
0.5,Local Feedback,0.24275466224056497,0.507554531873063,22
0.5,Global Feedback,0.2288769095781266,0.1046876133917016,23
0.5,Local Feedback,0.002947701995541551,0.7985377528754105,23
0.5,Global Feedback,0.4715026275493549,0.1209141546847484,24
0.5,Local Feedback,0.012503112863690376,0.7954625929902096,24
0.6,Global Feedback,0.6919541310839631,0.1039783518886041,0
0.6,Local Feedback,3.7304280155049443e-06,0.7999999741237495,0
0.6,Global Feedback,0.6969963881041479,0.0457664590588851,1
0.6,Local Feedback,0.2387365086362967,0.5454215356704476,1
0.6,Global Feedback,0.4873749945558655,0.0639359287550282,2
0.6,Local Feedback,0.03925693790365823,0.7754677006347636,2
0.6,Global Feedback,0.7427476785313077,0.0805866958476573,3
0.6,Local Feedback,1.1025486780324055e-11,0.7999999999999996,3
0.6,Global Feedback,0.5648055255082469,0.1262255991467745,4
0.6,Local Feedback,3.1875422448001593e-06,0.7999999675935183,4
0.6,Global Feedback,0.4903550182445948,0.1171325859594615,5
0.6,Local Feedback,1.6881268560637515e-16,0.8,5
0.6,Global Feedback,0.6024762332060059,0.0407118205761689,6
0.6,Local Feedback,0.0073231977996728245,0.7978945478854652,6
0.6,Global Feedback,0.7141388482073802,0.0647087705949843,7
0.6,Local Feedback,0.03155330438621382,0.7858253883641706,7
0.6,Global Feedback,0.4123718134368088,0.0642386344533485,8
0.6,Local Feedback,0.33066005954877603,0.11202197366631064,8
0.6,Global Feedback,0.529759175756561,0.043713245134394,9
0.6,Local Feedback,0.4199956567033247,0.03556704274349552,9
0.6,Global Feedback,0.7904150144051192,0.0929607880658528,10
0.6,Local Feedback,8.609420787500525e-12,0.7999999999999997,10
0.6,Global Feedback,0.6762579470007107,0.1405159852412822,11
0.6,Local Feedback,4.2919223616146707e-13,0.8,11
0.6,Global Feedback,0.901659783739815,0.0171034459164792,12
0.6,Local Feedback,0.04473257715995823,0.7793123078601316,12
0.6,Global Feedback,0.6616455339327447,0.0623670648397842,13
0.6,Local Feedback,0.5230576586035258,0.16610553888879231,13
0.6,Global Feedback,0.7835833945105499,0.0255514324761381,14
0.6,Local Feedback,0.12093323576797634,0.702152460798788,14
0.6,Global Feedback,0.4160264199737739,0.1077900663597919,15
0.6,Local Feedback,0.020234800132028236,0.7887391638843844,15
0.6,Global Feedback,0.6368857115126889,0.0788029003083725,16
0.6,Local Feedback,0.2705904417317587,0.4670582375345134,16
0.6,Global Feedback,0.7779334551477111,0.0599015573224598,17
0.6,Local Feedback,0.45661648681627637,0.16766564548876697,17
0.6,Global Feedback,0.692852227145352,0.1038615840296851,18
0.6,Local Feedback,0.39482071562207993,0.3838262469302774,18
0.6,Global Feedback,0.8271612449233002,0.0437023306227785,19
0.6,Local Feedback,0.37634813444803666,0.4603865114317911,19
0.6,Global Feedback,0.8952317008996833,0.0281710207890738,20
0.6,Local Feedback,0.19899100835468128,0.619643701526027,20
0.6,Global Feedback,0.9105878231225388,0.0140390378647566,21
0.6,Local Feedback,0.35073176089320585,0.4003712852286685,21
0.6,Global Feedback,0.5842295600048036,0.1129996608824108,22
0.6,Local Feedback,2.1879262581883602e-06,0.7999999806929572,22
0.6,Global Feedback,0.6639016124214074,0.1076032897554977,23
0.6,Local Feedback,2.3772459922468815e-08,0.799999999975946,23
0.6,Global Feedback,0.5640654290516346,0.0924202966939814,24
0.6,Local Feedback,1.0515929224627387e-11,0.7999999999999996,24
0.7,Global Feedback,0.9625166076479728,0.0067374532679536,0
0.7,Local Feedback,0.5959091000595534,0.3332175239889075,0
0.7,Global Feedback,0.8906842390412034,0.0346151038401163,1
0.7,Local Feedback,0.006128574656284537,0.7990799921868041,1
0.7,Global Feedback,0.9065006919003474,0.0096189469505656,2
0.7,Local Feedback,0.5205756333298536,0.23295998424108408,2
0.7,Global Feedback,0.8364937809362295,0.0282555612567818,3
0.7,Local Feedback,0.0009271967477632332,0.7999289872125939,3
0.7,Global Feedback,0.9253723315785132,0.0083938962869383,4
0.7,Local Feedback,0.672827479121769,0.04708176094160176,4
0.7,Global Feedback,0.8329877202823994,0.0115678062458657,5
0.7,Local Feedback,0.6605161352582793,0.05352631935513744,5
0.7,Global Feedback,0.6630985070362779,0.066636106793176,6
0.7,Local Feedback,0.5258379619974527,0.07472209083620625,6
0.7,Global Feedback,0.950273816081446,0.0174669593127898,7
0.7,Local Feedback,0.007242260345623384,0.7988590468681096,7
0.7,Global Feedback,0.6582575876956299,0.0786973984043373,8
0.7,Local Feedback,0.4572805730946043,0.2520465010282612,8
0.7,Global Feedback,0.8959552106568373,0.0211771201966644,9
0.7,Local Feedback,0.6009012858548942,0.1534244156725701,9
0.7,Global Feedback,0.9860497235730462,0.0017241459321742,10
0.7,Local Feedback,0.6940769735427111,0.06836716324406616,10
0.7,Global Feedback,0.789244786941405,0.0557570337306772,11
0.7,Local Feedback,0.6350817428648057,0.022652337193531283,11
0.7,Global Feedback,0.9307550698194984,0.0069243325096199,12
0.7,Local Feedback,0.6102672725315746,0.155487898903332,12
0.7,Global Feedback,0.9603711022275676,0.0090617541881143,13
0.7,Local Feedback,0.5392372856154567,0.3355621944515248,13
0.7,Global Feedback,0.8115747434887788,0.0362224922677328,14
0.7,Local Feedback,0.5174497088510458,0.24627728003218705,14
0.7,Global Feedback,0.9460779665764278,0.0111188551434128,15
0.7,Local Feedback,0.5523236283515017,0.2518575645469678,15
0.7,Global Feedback,0.7752496626710965,0.0561075995162302,16
0.7,Local Feedback,0.6024732374367466,0.05312995234587425,16
0.7,Global Feedback,0.9069024276667648,0.0054404512726183,17
0.7,Local Feedback,0.6046275951629657,0.11475592806876705,17
0.7,Global Feedback,0.8723523843460251,0.0132966101033581,18
0.7,Local Feedback,0.6338712200629445,0.07583281469095593,18
0.7,Global Feedback,0.785552576135322,0.0568685809857949,19
0.7,Local Feedback,0.47142973108036046,0.3114840762507951,19
0.7,Global Feedback,0.9398206663780204,0.028019539614023,20
0.7,Local Feedback,7.650396471588355e-05,0.7999986762197924,20
0.7,Global Feedback,0.8458831271328838,0.046404207500597,21
0.7,Local Feedback,0.0053531425597084575,0.7992048611201312,21
0.7,Global Feedback,0.919021409423197,0.009011953431729,22
0.7,Local Feedback,0.6076356438755862,0.14230456708075503,22
0.7,Global Feedback,0.9069360065012771,0.040836314996173,23
0.7,Local Feedback,0.00016101529070962575,0.7999964004787377,23
0.7,Global Feedback,0.937769325647136,0.011260510666492,24
0.7,Local Feedback,0.47559500221425977,0.35326267319629095,24
0.8,Global Feedback,0.976978361817184,0.0026097166842621,0
0.8,Local Feedback,0.8300995597673635,0.011366745431533522,0
0.8,Global Feedback,0.9764617244696217,0.004420881854083,1
0.8,Local Feedback,0.7906855804435041,0.05330942391040529,1
0.8,Global Feedback,0.9833186087320992,0.0013394811899639,2
0.8,Local Feedback,0.7918499074142072,0.056312976575801525,2
0.8,Global Feedback,0.9625007423584304,0.0071291982734209,3
0.8,Local Feedback,0.8184093553215457,0.007260572622770401,3
0.8,Global Feedback,0.9815400392319914,0.0049291888221751,4
0.8,Local Feedback,0.5837991913551904,0.31250766682534176,4
0.8,Global Feedback,0.9818953559936354,0.0019545117829566,5
0.8,Local Feedback,0.7632619643178634,0.08607378335658712,5
0.8,Global Feedback,0.9601389269724212,0.0067253233527055,6
0.8,Local Feedback,0.5408132297263591,0.3660932161107086,6
0.8,Global Feedback,0.9333865316088422,0.0087656450104776,7
0.8,Local Feedback,0.11635165927907588,0.749296788287464,7
0.8,Global Feedback,0.98254022149035,0.0018395053699444,8
0.8,Local Feedback,0.613040060144673,0.2614328007535422,8
0.8,Global Feedback,0.9697644710275052,0.0061389604797525,9
0.8,Local Feedback,0.7255068338430977,0.10476521926460872,9
0.8,Global Feedback,0.9310690459962184,0.0217847597386479,10
0.8,Local Feedback,1.4799139949539417e-08,0.7999999999930023,10
0.8,Global Feedback,0.977263334005904,0.0085854455572421,11
0.8,Local Feedback,0.05529288625059886,0.7831352371677883,11
0.8,Global Feedback,0.984626238380952,0.0028580451634657,12
0.8,Local Feedback,0.6833402003250878,0.18866533194850313,12
0.8,Global Feedback,0.9601121357466452,0.0125974762421178,13
0.8,Local Feedback,0.7311853544790912,0.1245620792631556,13
0.8,Global Feedback,0.9808522927782596,0.0063961687380194,14
0.8,Local Feedback,0.8024126856169453,0.0513314679486152,14
0.8,Global Feedback,0.980607768575408,0.0019034288653611,15
0.8,Local Feedback,0.8054920627391514,0.14256206072143576,15
0.8,Global Feedback,0.9738523293681912,0.0032473055535565,16
0.8,Local Feedback,0.7673940378716394,0.0695070769644856,16
0.8,Global Feedback,0.9636351126837988,0.001299174956575,17
0.8,Local Feedback,0.7240680468076424,0.10086366035692784,17
0.8,Global Feedback,0.9796013681729284,0.0084123980913718,18
0.8,Local Feedback,0.05734590068732736,0.7822782227858553,18
0.8,Global Feedback,0.9762379113312414,0.0023634400318464,19
0.8,Local Feedback,0.7291998764267144,0.1093461344047349,19
0.8,Global Feedback,0.9889066364898556,0.0027251066369144,20
0.8,Local Feedback,0.8861691089869469,0.0637107410311728,20
0.8,Global Feedback,0.993109397960392,0.0004376058343598,21
0.8,Local Feedback,0.7434837472482889,0.11416144393819896,21
0.8,Global Feedback,0.9888720595631432,0.0002999304671877,22
0.8,Local Feedback,0.9148075978525894,0.02170098903618256,22
0.8,Global Feedback,0.9801329255462,0.0073467243823763,23
0.8,Local Feedback,0.10803046049923076,0.7566793913460516,23
0.8,Global Feedback,0.9521379721692482,0.0039116910115704,24
0.8,Local Feedback,0.6903520468670332,0.14911716263439911,24
0.9,Global Feedback,0.9996384279467996,2.577172923801108e-05,0
0.9,Local Feedback,0.8984741865996607,0.03026653367736928,0
0.9,Global Feedback,0.993493089718446,0.001015548011507,1
0.9,Local Feedback,0.9063544231986946,0.017475012016569442,1
0.9,Global Feedback,0.9993190090999744,7.426636936191944e-05,2
0.9,Local Feedback,0.9210308068162093,0.00240081188304016,2
0.9,Global Feedback,0.9934099668415484,0.0037818078285406,3
0.9,Local Feedback,0.27907132849211114,0.6671217361220743,3
0.9,Global Feedback,0.9990913199660976,8.914444041263625e-05,4
0.9,Local Feedback,0.9210878284096525,0.0023819361103972,4
0.9,Global Feedback,0.9963602248779028,0.0004151481042022,5
0.9,Local Feedback,0.9169821680622798,0.00705478054083632,5
0.9,Global Feedback,0.9990656597250274,0.0001753007784609,6
0.9,Local Feedback,0.9171631271471922,0.0050927607883620805,6
0.9,Global Feedback,0.9981558281971992,0.00014565386506,7
0.9,Local Feedback,0.9166681254403228,0.00776103454175848,7
0.9,Global Feedback,0.9998225728775144,7.967710931056082e-05,8
0.9,Local Feedback,0.9731587899118986,0.00954593293217144,8
0.9,Global Feedback,0.996089225639908,0.0035181439578799,9
0.9,Local Feedback,0.2607242678418589,0.6700612461467884,9
0.9,Global Feedback,0.9997269065761571,1.2448695068778548e-05,10
0.9,Local Feedback,0.9243772298032806,0.0007465686594504001,10
0.9,Global Feedback,0.9998306628842994,2.0289382845151135e-05,11
0.9,Local Feedback,0.9165918222710258,0.008259675869664881,11
0.9,Global Feedback,0.9998981411331412,1.7014403303150516e-05,12
0.9,Local Feedback,0.9228436407445074,0.0026664717021865603,12
0.9,Global Feedback,0.9997087875280491,3.863343688581544e-05,13
0.9,Local Feedback,0.8928849526953885,0.03725460851029552,13
0.9,Global Feedback,0.9991042172048026,0.0001041744902896,14
0.9,Local Feedback,0.9200385233476658,0.00525598942802416,14
0.9,Global Feedback,0.999065232411688,8.56075062100059e-05,15
0.9,Local Feedback,0.9202946750837947,0.0052939827235204,15
0.9,Global Feedback,0.998919570136685,7.778983261486072e-05,16
0.9,Local Feedback,0.9198102576731972,0.0057806584310438405,16
0.9,Global Feedback,0.9998396074819524,8.053098247173818e-05,17
0.9,Local Feedback,0.906880923434813,0.02448622912480088,17
0.9,Global Feedback,0.9990204619710048,8.504153359545352e-05,18
0.9,Local Feedback,0.9217155982424563,0.00341147982377288,18
0.9,Global Feedback,0.9937938201459356,0.0003070681901737,19
0.9,Local Feedback,0.917408038370348,0.00452599166569784,19
0.9,Global Feedback,0.9994867020983136,4.900913596750378e-05,20
0.9,Local Feedback,0.8038394381660129,0.0862425072089404,20
0.9,Global Feedback,0.9988545611264272,6.489364999295866e-05,21
0.9,Local Feedback,0.9094368824985868,0.0178916193201656,21
0.9,Global Feedback,0.9979343457153128,0.0013025789536355,22
0.9,Local Feedback,0.5916792380250138,0.37730788712492513,22
0.9,Global Feedback,0.9993194557360427,9.66272216682551e-05,23
0.9,Local Feedback,0.8910817135096629,0.03325274797806288,23
0.9,Global Feedback,0.996733652801444,0.0027398277025626,24
0.9,Local Feedback,0.29343675974109673,0.6577210039832713,24
1.0,Global Feedback,1.0,0.0,0
1.0,Local Feedback,1.0,0.0,0
1.0,Global Feedback,1.0,0.0,1
1.0,Local Feedback,1.0,0.0,1
1.0,Global Feedback,1.0,0.0,2
1.0,Local Feedback,1.0,0.0,2
1.0,Global Feedback,1.0,0.0,3
1.0,Local Feedback,1.0,0.0,3
1.0,Global Feedback,1.0,0.0,4
1.0,Local Feedback,1.0,0.0,4
1.0,Global Feedback,1.0,0.0,5
1.0,Local Feedback,1.0,0.0,5
1.0,Global Feedback,1.0,0.0,6
1.0,Local Feedback,1.0,0.0,6
1.0,Global Feedback,1.0,0.0,7
1.0,Local Feedback,1.0,0.0,7
1.0,Global Feedback,1.0,0.0,8
1.0,Local Feedback,1.0,0.0,8
1.0,Global Feedback,1.0,0.0,9
1.0,Local Feedback,1.0,0.0,9
1.0,Global Feedback,1.0,0.0,10
1.0,Local Feedback,1.0,0.0,10
1.0,Global Feedback,1.0,0.0,11
1.0,Local Feedback,1.0,0.0,11
1.0,Global Feedback,1.0,0.0,12
1.0,Local Feedback,1.0,0.0,12
1.0,Global Feedback,1.0,0.0,13
1.0,Local Feedback,1.0,0.0,13
1.0,Global Feedback,1.0,0.0,14
1.0,Local Feedback,1.0,0.0,14
1.0,Global Feedback,1.0,0.0,15
1.0,Local Feedback,1.0,0.0,15
1.0,Global Feedback,1.0,0.0,16
1.0,Local Feedback,1.0,0.0,16
1.0,Global Feedback,1.0,0.0,17
1.0,Local Feedback,1.0,0.0,17
1.0,Global Feedback,1.0,0.0,18
1.0,Local Feedback,1.0,0.0,18
1.0,Global Feedback,1.0,0.0,19
1.0,Local Feedback,1.0,0.0,19
1.0,Global Feedback,1.0,0.0,20
1.0,Local Feedback,1.0,0.0,20
1.0,Global Feedback,1.0,0.0,21
1.0,Local Feedback,1.0,0.0,21
1.0,Global Feedback,1.0,0.0,22
1.0,Local Feedback,1.0,0.0,22
1.0,Global Feedback,1.0,0.0,23
1.0,Local Feedback,1.0,0.0,23
1.0,Global Feedback,1.0,0.0,24
1.0,Local Feedback,1.0,0.0,24
