Action Entropy,Policy Type,Potential,Collision Likelihood,Reach Reduction,Trial_ID
0.1,Global Optimal,0.031997470332717166,0.007842514781716936,1.0000000000000002,0
0.1,Local Feedback,0.031487264780837965,0.015945183996545653,0.9840548160034542,0
0.1,Global Optimal,0.11511044220469081,0.18165861908389092,0.9926718772579899,1
0.1,Local Feedback,0.022391290635598027,0.8061942704192482,0.19309459753393746,1
0.1,Global Optimal,0.19833125210798516,0.11308531969412838,0.9966462431553095,2
0.1,Local Feedback,0.12307534114901561,0.379465386906786,0.6184732616644731,2
0.1,Global Optimal,0.053424799723914965,0.01040032831148141,1.0000000000000004,3
0.1,Local Feedback,0.05232513452279256,0.020583422058766176,0.9794165779412342,3
0.1,Global Optimal,0.10170436257032753,0.014594128989187882,1.0000000000000004,4
0.1,Local Feedback,0.09954109466652869,0.021270158419241403,0.9787298415807589,4
0.1,Global Optimal,0.10170436257032753,0.014594128989187882,1.0000000000000004,5
0.1,Local Feedback,0.09954109466652869,0.021270158419241403,0.9787298415807589,5
0.1,Global Optimal,0.031997470332717166,0.007842514781716936,1.0000000000000002,6
0.1,Local Feedback,0.031487264780837965,0.015945183996545653,0.9840548160034542,6
0.1,Global Optimal,0.06091332753457614,0.011633721096437788,1.0000000000000002,7
0.1,Local Feedback,0.0589746436141992,0.031826925220535096,0.9681730747794648,7
0.1,Global Optimal,0.04398800007699533,0.3220153775448511,0.8233629382667513,8
0.1,Local Feedback,1.2421971485499758e-07,0.9999976496463392,2.3251320640775783e-06,8
0.1,Global Optimal,0.19833125210798516,0.11308531969412838,0.9966462431553095,9
0.1,Local Feedback,0.12307534114901561,0.379465386906786,0.6184732616644731,9
0.1,Global Optimal,0.060913327534576144,0.01704848873393572,1.0000000000000004,10
0.1,Local Feedback,0.05790702407267264,0.049353788137694865,0.9506462118623052,10
0.1,Global Optimal,0.060913327534576144,0.01704848873393572,1.0000000000000004,11
0.1,Local Feedback,0.05790702407267264,0.049353788137694865,0.9506462118623052,11
0.1,Global Optimal,0.053424799723914965,0.01040032831148141,1.0000000000000004,12
0.1,Local Feedback,0.05232513452279256,0.020583422058766176,0.9794165779412342,12
0.1,Global Optimal,0.19833125210798516,0.11308531969412838,0.9966462431553095,13
0.1,Local Feedback,0.12307534114901561,0.379465386906786,0.6184732616644731,13
0.1,Global Optimal,0.13052080226586688,0.17245588000612322,0.9796469585942061,14
0.1,Local Feedback,0.0024303492296208523,0.9816716258981122,0.018241415849329916,14
0.1,Global Optimal,0.04398800007699531,0.3152489040274543,0.8233629382667512,15
0.1,Local Feedback,1.2280217168947235e-07,0.9999976764675871,2.2985986344184925e-06,15
0.1,Global Optimal,0.10170436257032753,0.014594128989187882,1.0000000000000004,16
0.1,Local Feedback,0.09954109466652869,0.021270158419241403,0.9787298415807589,16
0.1,Global Optimal,0.10170436257032753,0.013814588323103338,1.0000000000000004,17
0.1,Local Feedback,0.10007925242320095,0.015978765375013082,0.9840212346249868,17
0.1,Global Optimal,0.025744639415351704,0.35060907434755584,0.8045835857539031,18
0.1,Local Feedback,5.917291066972067e-07,0.9999805311302968,1.8492996494543777e-05,18
0.1,Global Optimal,0.13052080226586685,0.16577474841754314,0.9796469585942063,19
0.1,Local Feedback,0.0024344807533488947,0.9816404681897567,0.018272425731159263,19
0.1,Global Optimal,0.13052080226586688,0.17245588000612322,0.9796469585942061,20
0.1,Local Feedback,0.0024303492296208523,0.9816716258981122,0.018241415849329916,20
0.1,Global Optimal,0.11511044220469081,0.18165861908389092,0.9926718772579899,21
0.1,Local Feedback,0.022391290635598027,0.8061942704192482,0.19309459753393746,21
0.1,Global Optimal,0.13052080226586685,0.16577474841754314,0.9796469585942063,22
0.1,Local Feedback,0.0024344807533488947,0.9816404681897567,0.018272425731159263,22
0.1,Global Optimal,0.15190762079978332,0.020440830648110753,1.0000000000000002,23
0.1,Local Feedback,0.14902770941465102,0.018958307489576387,0.9810416925104234,23
0.1,Global Optimal,0.15190762079978332,0.020440830648110753,1.0000000000000002,24
0.1,Local Feedback,0.14902770941465102,0.018958307489576387,0.9810416925104234,24
0.1,Global Optimal,0.06091332753457614,0.011633721096437788,1.0000000000000002,25
0.1,Local Feedback,0.0589746436141992,0.031826925220535096,0.9681730747794648,25
0.1,Global Optimal,0.04398800007699531,0.3152489040274543,0.8233629382667512,26
0.1,Local Feedback,1.2280217168947235e-07,0.9999976764675871,2.2985986344184925e-06,26
0.1,Global Optimal,0.10170436257032753,0.013814588323103338,1.0000000000000004,27
0.1,Local Feedback,0.10007925242320095,0.015978765375013082,0.9840212346249868,27
0.1,Global Optimal,0.025744639415351704,0.35060907434755584,0.8045835857539031,28
0.1,Local Feedback,5.917291066972067e-07,0.9999805311302968,1.8492996494543777e-05,28
0.1,Global Optimal,0.10170436257032753,0.014594128989187882,1.0000000000000004,29
0.1,Local Feedback,0.09954109466652869,0.021270158419241403,0.9787298415807589,29
0.1,Global Optimal,0.025036222455719376,0.3404606441631509,0.7824438055692182,30
0.1,Local Feedback,1.985500714200492e-05,0.9993779102601299,0.0006205180264423384,30
0.1,Global Optimal,0.07979632350729268,0.01836092356239627,1.0000000000000004,31
0.1,Local Feedback,0.07397482043851586,0.07295452738802888,0.9270454726119711,31
0.1,Global Optimal,0.025744639415351704,0.35060907434755584,0.8045835857539031,32
0.1,Local Feedback,5.917291066972067e-07,0.9999805311302968,1.8492996494543777e-05,32
0.1,Global Optimal,0.07979632350729268,0.01836092356239627,1.0000000000000004,33
0.1,Local Feedback,0.07397482043851586,0.07295452738802888,0.9270454726119711,33
0.1,Global Optimal,0.053424799723914965,0.01040032831148141,1.0000000000000004,34
0.1,Local Feedback,0.05232513452279256,0.020583422058766176,0.9794165779412342,34
0.1,Global Optimal,0.025036222455719376,0.3404606441631509,0.7824438055692182,35
0.1,Local Feedback,1.985500714200492e-05,0.9993779102601299,0.0006205180264423384,35
0.1,Global Optimal,0.031997470332717166,0.007842514781716936,1.0000000000000002,36
0.1,Local Feedback,0.031487264780837965,0.015945183996545653,0.9840548160034542,36
0.1,Global Optimal,0.05342479972391497,0.012401317593398464,1.0000000000000007,37
0.1,Local Feedback,0.0519215035634058,0.028138545549590832,0.9718614544504095,37
0.1,Global Optimal,0.06091332753457614,0.011633721096437788,1.0000000000000002,38
0.1,Local Feedback,0.0589746436141992,0.031826925220535096,0.9681730747794648,38
0.1,Global Optimal,0.04398800007699531,0.3152489040274543,0.8233629382667512,39
0.1,Local Feedback,1.2280217168947235e-07,0.9999976764675871,2.2985986344184925e-06,39
0.1,Global Optimal,0.11511044220469081,0.18165861908389092,0.9926718772579899,40
0.1,Local Feedback,0.022391290635598027,0.8061942704192482,0.19309459753393746,40
0.1,Global Optimal,0.04398800007699531,0.3152489040274543,0.8233629382667512,41
0.1,Local Feedback,1.2280217168947235e-07,0.9999976764675871,2.2985986344184925e-06,41
0.1,Global Optimal,0.13052080226586688,0.17245588000612322,0.9796469585942061,42
0.1,Local Feedback,0.0024303492296208523,0.9816716258981122,0.018241415849329916,42
0.1,Global Optimal,0.0797963235072927,0.0257360033038172,1.0000000000000004,43
0.1,Local Feedback,0.07128853495061936,0.10661880375849342,0.8933811962415067,43
0.1,Global Optimal,0.15190762079978334,0.015579492057018252,1.0000000000000004,44
0.1,Local Feedback,0.14978405092896485,0.013979350473913077,0.9860206495260869,44
0.1,Global Optimal,0.11511044220469081,0.18165861908389092,0.9926718772579899,45
0.1,Local Feedback,0.022391290635598027,0.8061942704192482,0.19309459753393746,45
0.1,Global Optimal,0.10170436257032753,0.013814588323103338,1.0000000000000004,46
0.1,Local Feedback,0.10007925242320095,0.015978765375013082,0.9840212346249868,46
0.1,Global Optimal,0.060913327534576144,0.01704848873393572,1.0000000000000004,47
0.1,Local Feedback,0.05790702407267264,0.049353788137694865,0.9506462118623052,47
0.1,Global Optimal,0.13052080226586685,0.16577474841754314,0.9796469585942063,48
0.1,Local Feedback,0.0024344807533488947,0.9816404681897567,0.018272425731159263,48
0.1,Global Optimal,0.19833125210798516,0.11308531969412838,0.9966462431553095,49
0.1,Local Feedback,0.12307534114901561,0.379465386906786,0.6184732616644731,49
0.2,Global Optimal,0.0314357547782502,0.022347731579361874,1.0000000000000007,0
0.2,Local Feedback,0.029914959615614023,0.04837787969030638,0.9516221203096936,0
0.2,Global Optimal,0.024282242696238823,0.03549802751599529,1.0000000000000004,1
0.2,Local Feedback,0.01968026476093833,0.18952030061100178,0.8104796993889983,1
0.2,Global Optimal,0.016870943678137504,0.02575286952201239,1.0000000000000009,2
0.2,Local Feedback,0.015568949954328403,0.07717373424085938,0.9228262657591407,2
0.2,Global Optimal,0.016870943678137504,0.02575286952201239,1.0000000000000009,3
0.2,Local Feedback,0.015568949954328403,0.07717373424085938,0.9228262657591407,3
0.2,Global Optimal,0.005422746115016665,0.31074803917816674,0.7478387625695941,4
0.2,Local Feedback,7.587284891441888e-05,0.9887545409645733,0.010463454537851701,4
0.2,Global Optimal,0.0168709436781375,0.025393111294045534,1.0000000000000009,5
0.2,Local Feedback,0.015502333178170286,0.08112234419588193,0.9188776558041183,5
0.2,Global Optimal,0.016870943678137504,0.02575286952201239,1.0000000000000009,6
0.2,Local Feedback,0.015568949954328403,0.07717373424085938,0.9228262657591407,6
0.2,Global Optimal,0.05649589216563029,0.024698867512199074,1.0000000000000007,7
0.2,Local Feedback,0.05326726768198228,0.05714795111443771,0.9428520488855623,7
0.2,Global Optimal,0.013511258918206773,0.01877857049367826,1.0000000000000007,8
0.2,Local Feedback,0.013028036929457745,0.035764394100824326,0.964235605899176,8
0.2,Global Optimal,0.007251223641288617,0.019821093464689632,1.0000000000000007,9
0.2,Local Feedback,0.00702492963412582,0.031207699328741456,0.968792300671259,9
0.2,Global Optimal,0.04324030376772026,0.26190285732231855,0.9556864402086399,10
0.2,Local Feedback,6.520662731161745e-05,0.9985353514883794,0.0014411806602517927,10
0.2,Global Optimal,0.0314357547782502,0.02324406317529948,1.0000000000000002,11
0.2,Local Feedback,0.02973349301115274,0.05415049770890834,0.9458495022910914,11
0.2,Global Optimal,0.013511258918206773,0.01877857049367826,1.0000000000000007,12
0.2,Local Feedback,0.013028036929457745,0.035764394100824326,0.964235605899176,12
0.2,Global Optimal,0.0168709436781375,0.025393111294045534,1.0000000000000009,13
0.2,Local Feedback,0.015502333178170286,0.08112234419588193,0.9188776558041183,13
0.2,Global Optimal,0.016870943678137504,0.02575286952201239,1.0000000000000009,14
0.2,Local Feedback,0.015568949954328403,0.07717373424085938,0.9228262657591407,14
0.2,Global Optimal,0.01049395269813805,0.3254952699169853,0.7766820813415971,15
0.2,Local Feedback,4.359351453547249e-06,0.999646698339682,0.00032264583781108,15
0.2,Global Optimal,0.006147973374030291,0.16851331990594476,0.8478532283880481,16
0.2,Local Feedback,0.00035962339818395515,0.9400476537726481,0.0495948568095807,16
0.2,Global Optimal,0.013511258918206773,0.02274689046845435,1.0000000000000004,17
0.2,Local Feedback,0.01280514188771492,0.05226137954771459,0.9477386204522854,17
0.2,Global Optimal,0.013511258918206773,0.01877857049367826,1.0000000000000007,18
0.2,Local Feedback,0.013028036929457745,0.035764394100824326,0.964235605899176,18
0.2,Global Optimal,0.024282242696238823,0.03549802751599529,1.0000000000000004,19
0.2,Local Feedback,0.01968026476093833,0.18952030061100178,0.8104796993889983,19
0.2,Global Optimal,0.05649589216563029,0.024698867512199074,1.0000000000000007,20
0.2,Local Feedback,0.05326726768198228,0.05714795111443771,0.9428520488855623,20
0.2,Global Optimal,0.016870943678137504,0.02575286952201239,1.0000000000000009,21
0.2,Local Feedback,0.015568949954328403,0.07717373424085938,0.9228262657591407,21
0.2,Global Optimal,0.005422746115016665,0.31074803917816674,0.7478387625695941,22
0.2,Local Feedback,7.587284891441888e-05,0.9887545409645733,0.010463454537851701,22
0.2,Global Optimal,0.02428224269623882,0.02855693883346666,1.0000000000000004,23
0.2,Local Feedback,0.020004819028487844,0.17615439073152495,0.8238456092684753,23
0.2,Global Optimal,0.01049395269813805,0.32918497655967593,0.7766820813415976,24
0.2,Local Feedback,5.281868735157114e-06,0.999563029901917,0.00039092350810031936,24
0.2,Global Optimal,0.006147973374030291,0.16851331990594476,0.8478532283880481,25
0.2,Local Feedback,0.00035962339818395515,0.9400476537726481,0.0495948568095807,25
0.2,Global Optimal,0.024282242696238823,0.03549802751599529,1.0000000000000004,26
0.2,Local Feedback,0.01968026476093833,0.18952030061100178,0.8104796993889983,26
0.2,Global Optimal,0.007251223641288619,0.01828471427202727,1.0000000000000007,27
0.2,Local Feedback,0.007109051942198452,0.019606580368123905,0.9803934196318767,27
0.2,Global Optimal,0.0564958921656303,0.026485566208426126,1.0000000000000004,28
0.2,Local Feedback,0.053034063957636005,0.061275750772200266,0.9387242492277997,28
0.2,Global Optimal,0.04324030376772026,0.2669755158290287,0.9556864402086401,29
0.2,Local Feedback,6.54990749090983e-05,0.9985287826324818,0.0014476442643209363,29
0.2,Global Optimal,0.013511258918206773,0.02274689046845435,1.0000000000000004,30
0.2,Local Feedback,0.01280514188771492,0.05226137954771459,0.9477386204522854,30
0.2,Global Optimal,0.01049395269813805,0.32918497655967593,0.7766820813415976,31
0.2,Local Feedback,5.281868735157114e-06,0.999563029901917,0.00039092350810031936,31
0.2,Global Optimal,0.013511258918206773,0.01877857049367826,1.0000000000000007,32
0.2,Local Feedback,0.013028036929457745,0.035764394100824326,0.964235605899176,32
0.2,Global Optimal,0.01049395269813805,0.32918497655967593,0.7766820813415976,33
0.2,Local Feedback,5.281868735157114e-06,0.999563029901917,0.00039092350810031936,33
0.2,Global Optimal,0.08069956390646613,0.18583479076048537,0.9924414547282747,34
0.2,Local Feedback,0.014751134521415115,0.8183610777891617,0.1814091265758708,34
0.2,Global Optimal,0.0168709436781375,0.025393111294045534,1.0000000000000009,35
0.2,Local Feedback,0.015502333178170286,0.08112234419588193,0.9188776558041183,35
0.2,Global Optimal,0.03858917392374647,0.22479386840515225,0.9831007567006996,36
0.2,Local Feedback,0.0019138357181911249,0.9501198142140171,0.04875702564849968,36
0.2,Global Optimal,0.007251223641288619,0.01828471427202727,1.0000000000000007,37
0.2,Local Feedback,0.007109051942198452,0.019606580368123905,0.9803934196318767,37
0.2,Global Optimal,0.01049395269813805,0.32918497655967593,0.7766820813415976,38
0.2,Local Feedback,5.281868735157114e-06,0.999563029901917,0.00039092350810031936,38
0.2,Global Optimal,0.03858917392374647,0.22479386840515225,0.9831007567006996,39
0.2,Local Feedback,0.0019138357181911249,0.9501198142140171,0.04875702564849968,39
0.2,Global Optimal,0.0564958921656303,0.026485566208426126,1.0000000000000004,40
0.2,Local Feedback,0.053034063957636005,0.061275750772200266,0.9387242492277997,40
0.2,Global Optimal,0.005422746115016665,0.31074803917816674,0.7478387625695941,41
0.2,Local Feedback,7.587284891441888e-05,0.9887545409645733,0.010463454537851701,41
0.2,Global Optimal,0.01049395269813805,0.3254952699169853,0.7766820813415971,42
0.2,Local Feedback,4.359351453547249e-06,0.999646698339682,0.00032264583781108,42
0.2,Global Optimal,0.08069956390646613,0.18583479076048537,0.9924414547282747,43
0.2,Local Feedback,0.014751134521415115,0.8183610777891617,0.1814091265758708,43
0.2,Global Optimal,0.03858917392374647,0.22479386840515225,0.9831007567006996,44
0.2,Local Feedback,0.0019138357181911249,0.9501198142140171,0.04875702564849968,44
0.2,Global Optimal,0.007251223641288617,0.019821093464689632,1.0000000000000007,45
0.2,Local Feedback,0.00702492963412582,0.031207699328741456,0.968792300671259,45
0.2,Global Optimal,0.05649589216563029,0.024698867512199074,1.0000000000000007,46
0.2,Local Feedback,0.05326726768198228,0.05714795111443771,0.9428520488855623,46
0.2,Global Optimal,0.007251223641288619,0.01828471427202727,1.0000000000000007,47
0.2,Local Feedback,0.007109051942198452,0.019606580368123905,0.9803934196318767,47
0.2,Global Optimal,0.0314357547782502,0.02324406317529948,1.0000000000000002,48
0.2,Local Feedback,0.02973349301115274,0.05415049770890834,0.9458495022910914,48
0.2,Global Optimal,0.05649589216563029,0.024698867512199074,1.0000000000000007,49
0.2,Local Feedback,0.05326726768198228,0.05714795111443771,0.9428520488855623,49
0.3,Global Optimal,0.013393246499402899,0.039199587193599505,0.9999999999999998,0
0.3,Local Feedback,0.01238722984164131,0.07511372674328343,0.9248862732567165,0
0.3,Global Optimal,0.0020577622084327445,0.250193221752399,0.7231376056730707,1
0.3,Local Feedback,0.00018800678551671914,0.9200957906150968,0.06606923587754983,1
0.3,Global Optimal,0.013393246499402897,0.03919477737699395,0.9999999999999999,2
0.3,Local Feedback,0.012351285830009181,0.07779746825686884,0.9222025317431312,2
0.3,Global Optimal,0.016500538570628873,0.17943467366893695,0.9708707155746388,3
0.3,Local Feedback,0.00437201456439329,0.7264643635327099,0.25724377967824624,3
0.3,Global Optimal,0.005480303658604688,0.033746029270490974,1.0000000000000002,4
0.3,Local Feedback,0.005271985293145116,0.038012193928795734,0.961987806071204,4
0.3,Global Optimal,0.010341363022403412,0.03812106763458156,1.0,5
0.3,Local Feedback,0.008462610378941048,0.1816735994464418,0.818326400553558,5
0.3,Global Optimal,0.013393246499402897,0.03919477737699395,0.9999999999999999,6
0.3,Local Feedback,0.012351285830009181,0.07779746825686884,0.9222025317431312,6
0.3,Global Optimal,0.013393246499402897,0.03919477737699395,0.9999999999999999,7
0.3,Local Feedback,0.012351285830009181,0.07779746825686884,0.9222025317431312,7
0.3,Global Optimal,0.006954332943848125,0.03869792011043405,1.0,8
0.3,Local Feedback,0.006316654485856252,0.09169512922960799,0.908304870770392,8
0.3,Global Optimal,0.0020577622084327445,0.250193221752399,0.7231376056730707,9
0.3,Local Feedback,0.00018800678551671914,0.9200957906150968,0.06606923587754983,9
0.3,Global Optimal,0.006954332943848126,0.04612233134750632,0.9999999999999998,10
0.3,Local Feedback,0.006204285336134741,0.10785327849120074,0.8921467215087991,10
0.3,Global Optimal,0.025273129506499455,0.034384228097126934,1.0,11
0.3,Local Feedback,0.023118898697090856,0.08523799194929949,0.9147620080507006,11
0.3,Global Optimal,0.006954332943848126,0.04612233134750632,0.9999999999999998,12
0.3,Local Feedback,0.006204285336134741,0.10785327849120074,0.8921467215087991,12
0.3,Global Optimal,0.002572975497523941,0.07623153588382059,0.9041935618751802,13
0.3,Local Feedback,0.0007436793770835792,0.7200512159674057,0.2613433767657013,13
0.3,Global Optimal,0.002572975497523941,0.07623153588382059,0.9041935618751802,14
0.3,Local Feedback,0.0007436793770835792,0.7200512159674057,0.2613433767657013,14
0.3,Global Optimal,0.025273129506499455,0.034384228097126934,1.0,15
0.3,Local Feedback,0.023118898697090856,0.08523799194929949,0.9147620080507006,15
0.3,Global Optimal,0.025273129506499455,0.034384228097126934,1.0,16
0.3,Local Feedback,0.023118898697090856,0.08523799194929949,0.9147620080507006,16
0.3,Global Optimal,0.018528757368931423,0.2732554464149979,0.9303323602671111,17
0.3,Local Feedback,0.0004280728833521003,0.9748717243914707,0.021493619243084447,17
0.3,Global Optimal,0.0020577622084327445,0.250193221752399,0.7231376056730707,18
0.3,Local Feedback,0.00018800678551671914,0.9200957906150968,0.06606923587754983,18
0.3,Global Optimal,0.00407555089778589,0.2519810983253399,0.7436724589862498,19
0.3,Local Feedback,0.0002661584398208265,0.9357545391239671,0.0485663671944397,19
0.3,Global Optimal,0.002572975497523941,0.07623153588382059,0.9041935618751802,20
0.3,Local Feedback,0.0007436793770835792,0.7200512159674057,0.2613433767657013,20
0.3,Global Optimal,0.013393246499402899,0.039199587193599505,0.9999999999999998,21
0.3,Local Feedback,0.01238722984164131,0.07511372674328343,0.9248862732567165,21
0.3,Global Optimal,0.005480303658604688,0.033746029270490974,1.0000000000000002,22
0.3,Local Feedback,0.005271985293145116,0.038012193928795734,0.961987806071204,22
0.3,Global Optimal,0.00407555089778589,0.2519810983253399,0.7436724589862498,23
0.3,Local Feedback,0.0002661584398208265,0.9357545391239671,0.0485663671944397,23
0.3,Global Optimal,0.025273129506499462,0.04437848799123301,1.0,24
0.3,Local Feedback,0.02243319692159054,0.1123696447714786,0.8876303552285213,24
0.3,Global Optimal,0.006954332943848125,0.03869792011043405,1.0,25
0.3,Local Feedback,0.006316654485856252,0.09169512922960799,0.908304870770392,25
0.3,Global Optimal,0.005480303658604689,0.04460994993504641,1.0000000000000002,26
0.3,Local Feedback,0.005050261474656046,0.07847050286591828,0.9215294971340817,26
0.3,Global Optimal,0.013393246499402899,0.039199587193599505,0.9999999999999998,27
0.3,Local Feedback,0.01238722984164131,0.07511372674328343,0.9248862732567165,27
0.3,Global Optimal,0.002572975497523941,0.07623153588382059,0.9041935618751802,28
0.3,Local Feedback,0.0007436793770835792,0.7200512159674057,0.2613433767657013,28
0.3,Global Optimal,0.018528757368931423,0.27409470763696064,0.9303323602671111,29
0.3,Local Feedback,0.0003014268161029654,0.9827287455561656,0.015134696606426816,29
0.3,Global Optimal,0.013393246499402899,0.039199587193599505,0.9999999999999998,30
0.3,Local Feedback,0.01238722984164131,0.07511372674328343,0.9248862732567165,30
0.3,Global Optimal,0.018528757368931423,0.27409470763696064,0.9303323602671111,31
0.3,Local Feedback,0.0003014268161029654,0.9827287455561656,0.015134696606426816,31
0.3,Global Optimal,0.010341363022403413,0.06110986511573557,1.0,32
0.3,Local Feedback,0.007700979032406865,0.25532262858159505,0.744677371418405,32
0.3,Global Optimal,0.03696356452933419,0.22831975060684706,0.9835411105801978,33
0.3,Local Feedback,0.0028471649096199056,0.9239666437665656,0.07575848738803902,33
0.3,Global Optimal,0.018528757368931423,0.2732554464149979,0.9303323602671111,34
0.3,Local Feedback,0.0004280728833521003,0.9748717243914707,0.021493619243084447,34
0.3,Global Optimal,0.013393246499402897,0.03919477737699395,0.9999999999999999,35
0.3,Local Feedback,0.012351285830009181,0.07779746825686884,0.9222025317431312,35
0.3,Global Optimal,0.018528757368931423,0.27409470763696064,0.9303323602671111,36
0.3,Local Feedback,0.0003014268161029654,0.9827287455561656,0.015134696606426816,36
0.3,Global Optimal,0.00407555089778589,0.2519810983253399,0.7436724589862498,37
0.3,Local Feedback,0.0002661584398208265,0.9357545391239671,0.0485663671944397,37
0.3,Global Optimal,0.018528757368931423,0.27409470763696064,0.9303323602671111,38
0.3,Local Feedback,0.0003014268161029654,0.9827287455561656,0.015134696606426816,38
0.3,Global Optimal,0.0020577622084327445,0.250193221752399,0.7231376056730707,39
0.3,Local Feedback,0.00018800678551671914,0.9200957906150968,0.06606923587754983,39
0.3,Global Optimal,0.025273129506499462,0.04437848799123301,1.0,40
0.3,Local Feedback,0.02243319692159054,0.1123696447714786,0.8876303552285213,40
0.3,Global Optimal,0.006954332943848126,0.04612233134750632,0.9999999999999998,41
0.3,Local Feedback,0.006204285336134741,0.10785327849120074,0.8921467215087991,41
0.3,Global Optimal,0.006954332943848126,0.04612233134750632,0.9999999999999998,42
0.3,Local Feedback,0.006204285336134741,0.10785327849120074,0.8921467215087991,42
0.3,Global Optimal,0.013393246499402897,0.03919477737699395,0.9999999999999999,43
0.3,Local Feedback,0.012351285830009181,0.07779746825686884,0.9222025317431312,43
0.3,Global Optimal,0.005480303658604688,0.033746029270490974,1.0000000000000002,44
0.3,Local Feedback,0.005271985293145116,0.038012193928795734,0.961987806071204,44
0.3,Global Optimal,0.006954332943848125,0.03869792011043405,1.0,45
0.3,Local Feedback,0.006316654485856252,0.09169512922960799,0.908304870770392,45
0.3,Global Optimal,0.025273129506499455,0.034384228097126934,1.0,46
0.3,Local Feedback,0.023118898697090856,0.08523799194929949,0.9147620080507006,46
0.3,Global Optimal,0.0028456025413274603,0.0373147607960953,1.0,47
0.3,Local Feedback,0.0027271247998348425,0.041635379422084506,0.9583646205779155,47
0.3,Global Optimal,0.0028456025413274603,0.0373147607960953,1.0,48
0.3,Local Feedback,0.0027271247998348425,0.041635379422084506,0.9583646205779155,48
0.3,Global Optimal,0.018528757368931423,0.2732554464149979,0.9303323602671111,49
0.3,Local Feedback,0.0004280728833521003,0.9748717243914707,0.021493619243084447,49
0.4,Global Optimal,0.013572433827283324,0.25842886590760683,0.7502148390098285,0
0.4,Local Feedback,0.0026626117995441007,0.7871725599574506,0.14717558456797986,0
0.4,Global Optimal,0.04652452985565897,0.2523918732264907,0.922695484206252,1
0.4,Local Feedback,0.00029579120749132187,0.9935446414966863,0.00586626479121659,1
0.4,Global Optimal,0.0285280557752466,0.0917303383553506,0.9999999999999999,2
0.4,Local Feedback,0.01934712357270949,0.3218211670247527,0.6781788329752468,2
0.4,Global Optimal,0.0285280557752466,0.0917303383553506,0.9999999999999999,3
0.4,Local Feedback,0.01934712357270949,0.3218211670247527,0.6781788329752468,3
0.4,Global Optimal,0.03745796992916604,0.060458886956015534,1.0,4
0.4,Local Feedback,0.033412364921623465,0.10800385112148114,0.8919961488785187,4
0.4,Global Optimal,0.0285280557752466,0.055541046454360865,0.9999999999999999,5
0.4,Local Feedback,0.022878348911020217,0.19804037501667215,0.8019596249833276,5
0.4,Global Optimal,0.0285280557752466,0.0917303383553506,0.9999999999999999,6
0.4,Local Feedback,0.01934712357270949,0.3218211670247527,0.6781788329752468,6
0.4,Global Optimal,0.01809139611953945,0.05303625518193433,0.9999999999999998,7
0.4,Local Feedback,0.01712894604257,0.0531993258347796,0.9468006741652203,7
0.4,Global Optimal,0.01809139611953945,0.05303625518193433,0.9999999999999998,8
0.4,Local Feedback,0.01712894604257,0.0531993258347796,0.9468006741652203,8
0.4,Global Optimal,0.059066920446931334,0.06230399160860345,1.0,9
0.4,Local Feedback,0.05049575015354973,0.14510948308338412,0.8548905169166156,9
0.4,Global Optimal,0.021193018320764,0.057331693405841544,1.0,10
0.4,Local Feedback,0.01866051966258742,0.1194968371114622,0.8805031628885376,10
0.4,Global Optimal,0.05906692044693132,0.049276148877179904,1.0,11
0.4,Local Feedback,0.05300135360565188,0.10268974233605177,0.8973102576639482,11
0.4,Global Optimal,0.007612561044853579,0.24426571892749838,0.7437211437909416,12
0.4,Local Feedback,0.00037520680926105704,0.9565583758809386,0.03665642031605545,12
0.4,Global Optimal,0.0285280557752466,0.0917303383553506,0.9999999999999999,13
0.4,Local Feedback,0.01934712357270949,0.3218211670247527,0.6781788329752468,13
0.4,Global Optimal,0.0285280557752466,0.055541046454360865,0.9999999999999999,14
0.4,Local Feedback,0.022878348911020217,0.19804037501667215,0.8019596249833276,14
0.4,Global Optimal,0.059066920446931334,0.06230399160860345,1.0,15
0.4,Local Feedback,0.05049575015354973,0.14510948308338412,0.8548905169166156,15
0.4,Global Optimal,0.007612561044853579,0.24426571892749838,0.7437211437909416,16
0.4,Local Feedback,0.00037520680926105704,0.9565583758809386,0.03665642031605545,16
0.4,Global Optimal,0.05906692044693132,0.049276148877179904,1.0,17
0.4,Local Feedback,0.05300135360565188,0.10268974233605177,0.8973102576639482,17
0.4,Global Optimal,0.059066920446931334,0.06230399160860345,1.0,18
0.4,Local Feedback,0.05049575015354973,0.14510948308338412,0.8548905169166156,18
0.4,Global Optimal,0.059066920446931334,0.06230399160860345,1.0,19
0.4,Local Feedback,0.05049575015354973,0.14510948308338412,0.8548905169166156,19
0.4,Global Optimal,0.03745796992916604,0.059369753848804385,1.0,20
0.4,Local Feedback,0.03351053178050957,0.10538313090968798,0.8946168690903118,20
0.4,Global Optimal,0.03745796992916604,0.059369753848804385,1.0,21
0.4,Local Feedback,0.03351053178050957,0.10538313090968798,0.8946168690903118,21
0.4,Global Optimal,0.03745796992916604,0.060458886956015534,1.0,22
0.4,Local Feedback,0.033412364921623465,0.10800385112148114,0.8919961488785187,22
0.4,Global Optimal,0.059066920446931334,0.06230399160860345,1.0,23
0.4,Local Feedback,0.05049575015354973,0.14510948308338412,0.8548905169166156,23
0.4,Global Optimal,0.01809139611953945,0.05303625518193433,0.9999999999999998,24
0.4,Local Feedback,0.01712894604257,0.0531993258347796,0.9468006741652203,24
0.4,Global Optimal,0.059066920446931334,0.06230399160860345,1.0,25
0.4,Local Feedback,0.05049575015354973,0.14510948308338412,0.8548905169166156,25
0.4,Global Optimal,0.05906692044693132,0.049276148877179904,1.0,26
0.4,Local Feedback,0.05300135360565188,0.10268974233605177,0.8973102576639482,26
0.4,Global Optimal,0.059066920446931334,0.06230399160860345,1.0,27
0.4,Local Feedback,0.05049575015354973,0.14510948308338412,0.8548905169166156,27
0.4,Global Optimal,0.042262803661959114,0.16331023190515537,0.9631486867460787,28
0.4,Local Feedback,0.016385693450527886,0.598290751538318,0.3734219635434422,28
0.4,Global Optimal,0.046524529855658976,0.24609299282749242,0.9226954842062522,29
0.4,Local Feedback,0.0009705710890628368,0.9778579957862336,0.019248804098780062,29
0.4,Global Optimal,0.03745796992916604,0.059369753848804385,1.0,30
0.4,Local Feedback,0.03351053178050957,0.10538313090968798,0.8946168690903118,30
0.4,Global Optimal,0.013572433827283325,0.26352935665938193,0.7502148390098282,31
0.4,Local Feedback,0.0017549327569108875,0.8662353114192844,0.0970037218418698,31
0.4,Global Optimal,0.013572433827283324,0.25842886590760683,0.7502148390098285,32
0.4,Local Feedback,0.0026626117995441007,0.7871725599574506,0.14717558456797986,32
0.4,Global Optimal,0.013572433827283325,0.26352935665938193,0.7502148390098282,33
0.4,Local Feedback,0.0017549327569108875,0.8662353114192844,0.0970037218418698,33
0.4,Global Optimal,0.04652452985565897,0.2523918732264907,0.922695484206252,34
0.4,Local Feedback,0.00029579120749132187,0.9935446414966863,0.00586626479121659,34
0.4,Global Optimal,0.01023577332499969,0.05876145822809464,0.9999999999999998,35
0.4,Local Feedback,0.0096357748152018,0.05861779962755298,0.9413822003724465,35
0.4,Global Optimal,0.0285280557752466,0.055541046454360865,0.9999999999999999,36
0.4,Local Feedback,0.022878348911020217,0.19804037501667215,0.8019596249833276,36
0.4,Global Optimal,0.05906692044693132,0.049276148877179904,1.0,37
0.4,Local Feedback,0.05300135360565188,0.10268974233605177,0.8973102576639482,37
0.4,Global Optimal,0.01809139611953945,0.07372727070295793,0.9999999999999998,38
0.4,Local Feedback,0.015866963381943454,0.12295528343406903,0.8770447165659306,38
0.4,Global Optimal,0.07775163645273946,0.20461378305681377,0.977880640557062,39
0.4,Local Feedback,0.006263993409835964,0.9206412516098409,0.07878210887276815,39
0.4,Global Optimal,0.007612561044853579,0.24426571892749838,0.7437211437909416,40
0.4,Local Feedback,0.00037520680926105704,0.9565583758809386,0.03665642031605545,40
0.4,Global Optimal,0.013572433827283324,0.25842886590760683,0.7502148390098285,41
0.4,Local Feedback,0.0026626117995441007,0.7871725599574506,0.14717558456797986,41
0.4,Global Optimal,0.007612561044853579,0.24426571892749838,0.7437211437909416,42
0.4,Local Feedback,0.00037520680926105704,0.9565583758809386,0.03665642031605545,42
0.4,Global Optimal,0.07775163645273946,0.20461378305681377,0.977880640557062,43
0.4,Local Feedback,0.006263993409835964,0.9206412516098409,0.07878210887276815,43
0.4,Global Optimal,0.0285280557752466,0.0917303383553506,0.9999999999999999,44
0.4,Local Feedback,0.01934712357270949,0.3218211670247527,0.6781788329752468,44
0.4,Global Optimal,0.0285280557752466,0.0917303383553506,0.9999999999999999,45
0.4,Local Feedback,0.01934712357270949,0.3218211670247527,0.6781788329752468,45
0.4,Global Optimal,0.01809139611953945,0.05303625518193433,0.9999999999999998,46
0.4,Local Feedback,0.01712894604257,0.0531993258347796,0.9468006741652203,46
0.4,Global Optimal,0.042262803661959114,0.16331023190515537,0.9631486867460787,47
0.4,Local Feedback,0.016385693450527886,0.598290751538318,0.3734219635434422,47
0.4,Global Optimal,0.01809139611953945,0.05303625518193433,0.9999999999999998,48
0.4,Local Feedback,0.01712894604257,0.0531993258347796,0.9468006741652203,48
0.4,Global Optimal,0.010235773324999689,0.05693519018130866,0.9999999999999998,49
0.4,Local Feedback,0.00976466238742762,0.0460259252147982,0.9539740747852011,49
0.5,Global Optimal,0.1507224675751675,0.19544158891890684,0.9307055169900045,0
0.5,Local Feedback,0.00047264288066020124,0.9969848061634247,0.0029185518501222618,0
0.5,Global Optimal,0.08485872736087993,0.09485068861093815,1.0,1
0.5,Local Feedback,0.0667678855904582,0.21318775726492534,0.7868122427350748,1
0.5,Global Optimal,0.10189892103743353,0.1110802388928156,1.0,2
0.5,Local Feedback,0.06549071153834944,0.3572973013689633,0.6427026986310366,2
0.5,Global Optimal,0.04544148799903346,0.09414224159689166,0.9364153998583284,3
0.5,Local Feedback,0.024466937919007725,0.4601631220867587,0.5041916201164857,3
0.5,Global Optimal,0.1434734934196468,0.11989484664302019,0.9668578801774343,4
0.5,Local Feedback,0.06550707274850492,0.5301790350209054,0.4414476011188798,4
0.5,Global Optimal,0.13486294407105434,0.06917032959900771,1.0000000000000002,5
0.5,Local Feedback,0.1194119267485697,0.11456829323215778,0.8854317067678422,5
0.5,Global Optimal,0.06066878399813627,0.24857734619270977,0.7866565655935683,6
0.5,Local Feedback,0.012690292645097174,0.7730523651567435,0.1645475872546932,6
0.5,Global Optimal,0.1781894974516419,0.05395060600161994,1.0000000000000002,7
0.5,Local Feedback,0.16048140978267528,0.09937784169222608,0.900622158307774,7
0.5,Global Optimal,0.20898728000667133,0.1542263841336794,0.976707852697083,8
0.5,Local Feedback,0.025104859520915828,0.8814702662819227,0.1173282576535418,8
0.5,Global Optimal,0.20898728000667133,0.1542263841336794,0.976707852697083,9
0.5,Local Feedback,0.025104859520915828,0.8814702662819227,0.1173282576535418,9
0.5,Global Optimal,0.07712232586828904,0.09774198069087203,1.0000000000000002,10
0.5,Local Feedback,0.06440152371756516,0.16494318613326964,0.8350568138667305,10
0.5,Global Optimal,0.04544148799903346,0.09414224159689166,0.9364153998583284,11
0.5,Local Feedback,0.024466937919007725,0.4601631220867587,0.5041916201164857,11
0.5,Global Optimal,0.04544148799903346,0.09414224159689166,0.9364153998583284,12
0.5,Local Feedback,0.024466937919007725,0.4601631220867587,0.5041916201164857,12
0.5,Global Optimal,0.060668783998136286,0.25673809423963845,0.7866565655935687,13
0.5,Local Feedback,0.009022166755713235,0.8417592295838049,0.11698514864711759,13
0.5,Global Optimal,0.10189892103743353,0.06618518440260657,1.0000000000000002,14
0.5,Local Feedback,0.08214618532968739,0.1938463676223794,0.8061536323776207,14
0.5,Global Optimal,0.03842272941632359,0.24660386340496065,0.7917794314041892,15
0.5,Local Feedback,0.0010611357220763934,0.9741210237965444,0.021866885862392032,15
0.5,Global Optimal,0.04544148799903346,0.09414224159689166,0.9364153998583284,16
0.5,Local Feedback,0.024466937919007725,0.4601631220867587,0.5041916201164857,16
0.5,Global Optimal,0.1507224675751675,0.19544158891890684,0.9307055169900045,17
0.5,Local Feedback,0.00047264288066020124,0.9969848061634247,0.0029185518501222618,17
0.5,Global Optimal,0.1507224675751675,0.19544158891890684,0.9307055169900045,18
0.5,Local Feedback,0.00047264288066020124,0.9969848061634247,0.0029185518501222618,18
0.5,Global Optimal,0.1781894974516419,0.05395060600161994,1.0000000000000002,19
0.5,Local Feedback,0.16048140978267528,0.09937784169222608,0.900622158307774,19
0.5,Global Optimal,0.08485872736087993,0.09485068861093815,1.0,20
0.5,Local Feedback,0.0667678855904582,0.21318775726492534,0.7868122427350748,20
0.5,Global Optimal,0.1507224675751675,0.19544158891890684,0.9307055169900045,21
0.5,Local Feedback,0.00047264288066020124,0.9969848061634247,0.0029185518501222618,21
0.5,Global Optimal,0.04852706182097003,0.07869942233956473,1.0,22
0.5,Local Feedback,0.04536996732399075,0.06505843087361618,0.9349415691263839,22
0.5,Global Optimal,0.08485872736087993,0.06988514523663092,1.0,23
0.5,Local Feedback,0.07320299942132572,0.13735449849472425,0.8626455015052756,23
0.5,Global Optimal,0.17818949745164184,0.06710422953318318,0.9999999999999999,24
0.5,Local Feedback,0.15253074023337088,0.14399702331072806,0.8560029766892719,24
0.5,Global Optimal,0.17818949745164184,0.06710422953318318,0.9999999999999999,25
0.5,Local Feedback,0.15253074023337088,0.14399702331072806,0.8560029766892719,25
0.5,Global Optimal,0.1507224675751675,0.20282005338803732,0.9307055169900045,26
0.5,Local Feedback,0.009856309007176428,0.9291204352878024,0.06086233404825665,26
0.5,Global Optimal,0.1434734934196468,0.11989484664302019,0.9668578801774343,27
0.5,Local Feedback,0.06550707274850492,0.5301790350209054,0.4414476011188798,27
0.5,Global Optimal,0.060668783998136286,0.25673809423963845,0.7866565655935687,28
0.5,Local Feedback,0.009022166755713235,0.8417592295838049,0.11698514864711759,28
0.5,Global Optimal,0.04852706182097003,0.07869942233956473,1.0,29
0.5,Local Feedback,0.04536996732399075,0.06505843087361618,0.9349415691263839,29
0.5,Global Optimal,0.10189892103743353,0.06618518440260657,1.0000000000000002,30
0.5,Local Feedback,0.08214618532968739,0.1938463676223794,0.8061536323776207,30
0.5,Global Optimal,0.048527061820970024,0.0800785358700764,1.0000000000000004,31
0.5,Local Feedback,0.045052644522107915,0.07159752040377398,0.9284024795962261,31
0.5,Global Optimal,0.04544148799903346,0.09414224159689166,0.9364153998583284,32
0.5,Local Feedback,0.024466937919007725,0.4601631220867587,0.5041916201164857,32
0.5,Global Optimal,0.07712232586828904,0.09774198069087203,1.0000000000000002,33
0.5,Local Feedback,0.06440152371756516,0.16494318613326964,0.8350568138667305,33
0.5,Global Optimal,0.08485872736087993,0.06988514523663092,1.0,34
0.5,Local Feedback,0.07320299942132572,0.13735449849472425,0.8626455015052756,34
0.5,Global Optimal,0.20898728000667133,0.1542263841336794,0.976707852697083,35
0.5,Local Feedback,0.025104859520915828,0.8814702662819227,0.1173282576535418,35
0.5,Global Optimal,0.1781894974516419,0.05395060600161994,1.0000000000000002,36
0.5,Local Feedback,0.16048140978267528,0.09937784169222608,0.900622158307774,36
0.5,Global Optimal,0.1507224675751675,0.20282005338803732,0.9307055169900045,37
0.5,Local Feedback,0.009856309007176428,0.9291204352878024,0.06086233404825665,37
0.5,Global Optimal,0.10189892103743353,0.1110802388928156,1.0,38
0.5,Local Feedback,0.06549071153834944,0.3572973013689633,0.6427026986310366,38
0.5,Global Optimal,0.06066878399813627,0.24857734619270977,0.7866565655935683,39
0.5,Local Feedback,0.012690292645097174,0.7730523651567435,0.1645475872546932,39
0.5,Global Optimal,0.07712232586828907,0.0669809007532467,0.9999999999999998,40
0.5,Local Feedback,0.07221765558408604,0.06359598506636444,0.9364040149336355,40
0.5,Global Optimal,0.1507224675751675,0.19544158891890684,0.9307055169900045,41
0.5,Local Feedback,0.00047264288066020124,0.9969848061634247,0.0029185518501222618,41
0.5,Global Optimal,0.13486294407105437,0.06895317602294404,0.9999999999999998,42
0.5,Local Feedback,0.11811110686129475,0.12421378848836107,0.8757862115116389,42
0.5,Global Optimal,0.1434734934196468,0.11989484664302019,0.9668578801774343,43
0.5,Local Feedback,0.06550707274850492,0.5301790350209054,0.4414476011188798,43
0.5,Global Optimal,0.060668783998136286,0.25673809423963845,0.7866565655935687,44
0.5,Local Feedback,0.009022166755713235,0.8417592295838049,0.11698514864711759,44
0.5,Global Optimal,0.060668783998136286,0.25673809423963845,0.7866565655935687,45
0.5,Local Feedback,0.009022166755713235,0.8417592295838049,0.11698514864711759,45
0.5,Global Optimal,0.10189892103743353,0.06618518440260657,1.0000000000000002,46
0.5,Local Feedback,0.08214618532968739,0.1938463676223794,0.8061536323776207,46
0.5,Global Optimal,0.1434734934196468,0.11989484664302019,0.9668578801774343,47
0.5,Local Feedback,0.06550707274850492,0.5301790350209054,0.4414476011188798,47
0.5,Global Optimal,0.20898728000667133,0.1542263841336794,0.976707852697083,48
0.5,Local Feedback,0.025104859520915828,0.8814702662819227,0.1173282576535418,48
0.5,Global Optimal,0.03842272941632359,0.24660386340496065,0.7917794314041892,49
0.5,Local Feedback,0.0010611357220763934,0.9741210237965444,0.021866885862392032,49
0.6,Global Optimal,0.36237308194943385,0.09908647861529452,0.9732618974497452,0
0.6,Local Feedback,0.22080124419477576,0.38005977724224793,0.5930281485815746,0
0.6,Global Optimal,0.28071781057606937,0.10353768815689812,0.9999999999999998,1
0.6,Local Feedback,0.1711611655506377,0.3902732242055009,0.609726775794499,1
0.6,Global Optimal,0.28071781057606937,0.10353768815689812,0.9999999999999998,2
0.6,Local Feedback,0.1711611655506377,0.3902732242055009,0.609726775794499,2
0.6,Global Optimal,0.28071781057606937,0.10353768815689812,0.9999999999999998,3
0.6,Local Feedback,0.1711611655506377,0.3902732242055009,0.609726775794499,3
0.6,Global Optimal,0.2301027091300605,0.09547387094005977,1.0000000000000004,4
0.6,Local Feedback,0.18788120313812162,0.18348982570246086,0.8165101742975392,4
0.6,Global Optimal,0.24569636766405123,0.060523010123537224,1.0000000000000002,5
0.6,Local Feedback,0.2139849080733453,0.1290676776877142,0.8709323223122858,5
0.6,Global Optimal,0.4253999556341508,0.03678116185621194,0.9999999999999999,6
0.6,Local Feedback,0.39383047726744197,0.07421128739810923,0.9257887126018908,6
0.6,Global Optimal,0.28071781057606937,0.10353768815689812,0.9999999999999998,7
0.6,Local Feedback,0.1711611655506377,0.3902732242055009,0.609726775794499,7
0.6,Global Optimal,0.1414408516459137,0.18000123507654942,0.8723757786105573,8
0.6,Local Feedback,0.005316779709627612,0.9627623644132571,0.03279271713167178,8
0.6,Global Optimal,0.3838844520742284,0.1064347481851119,0.9635629369310261,9
0.6,Local Feedback,0.012786608843413462,0.9671176149389834,0.03209481994901258,9
0.6,Global Optimal,0.28071781057606937,0.10353768815689812,0.9999999999999998,10
0.6,Local Feedback,0.1711611655506377,0.3902732242055009,0.609726775794499,10
0.6,Global Optimal,0.16213294214929738,0.08366540226426089,1.0000000000000004,11
0.6,Local Feedback,0.14976598280649098,0.07627666024476665,0.9237233397552334,11
0.6,Global Optimal,0.16213294214929738,0.08352643670353155,1.0000000000000002,12
0.6,Local Feedback,0.1506771584369193,0.07065673120166516,0.929343268798335,12
0.6,Global Optimal,0.16213294214929738,0.08352643670353155,1.0000000000000002,13
0.6,Local Feedback,0.1506771584369193,0.07065673120166516,0.929343268798335,13
0.6,Global Optimal,0.47987850637872487,0.06883027162448174,0.9873306659258361,14
0.6,Local Feedback,0.14361194840276287,0.703162280527261,0.2954757897397944,14
0.6,Global Optimal,0.15453299925205496,0.10014759430513509,0.9531252391001198,15
0.6,Local Feedback,0.10191448772427661,0.3382516999937647,0.6285859392499669,15
0.6,Global Optimal,0.24569636766405126,0.09089309772938214,0.9999999999999999,16
0.6,Local Feedback,0.18837518841292894,0.23330088188157283,0.7666991181184272,16
0.6,Global Optimal,0.24569636766405126,0.09089309772938214,0.9999999999999999,17
0.6,Local Feedback,0.18837518841292894,0.23330088188157283,0.7666991181184272,17
0.6,Global Optimal,0.348697797458421,0.053140447811103164,1.0000000000000002,18
0.6,Local Feedback,0.3154345701699483,0.09539270833059665,0.9046072916694032,18
0.6,Global Optimal,0.47987850637872487,0.06883027162448174,0.9873306659258361,19
0.6,Local Feedback,0.14361194840276287,0.703162280527261,0.2954757897397944,19
0.6,Global Optimal,0.3838844520742284,0.09804260261210174,0.9635629369310262,20
0.6,Local Feedback,0.013044495629652923,0.9664377132258368,0.03274212449026697,20
0.6,Global Optimal,0.28071781057606937,0.10353768815689812,0.9999999999999998,21
0.6,Local Feedback,0.1711611655506377,0.3902732242055009,0.609726775794499,21
0.6,Global Optimal,0.16213294214929738,0.08352643670353155,1.0000000000000002,22
0.6,Local Feedback,0.1506771584369193,0.07065673120166516,0.929343268798335,22
0.6,Global Optimal,0.34869779745842105,0.055386263506712496,1.0,23
0.6,Local Feedback,0.3098970858127778,0.11127317674058379,0.8887268232594161,23
0.6,Global Optimal,0.348697797458421,0.053140447811103164,1.0000000000000002,24
0.6,Local Feedback,0.3154345701699483,0.09539270833059665,0.9046072916694032,24
0.6,Global Optimal,0.47987850637872487,0.06883027162448174,0.9873306659258361,25
0.6,Local Feedback,0.14361194840276287,0.703162280527261,0.2954757897397944,25
0.6,Global Optimal,0.28071781057606937,0.10353768815689812,0.9999999999999998,26
0.6,Local Feedback,0.1711611655506377,0.3902732242055009,0.609726775794499,26
0.6,Global Optimal,0.20081567180682433,0.1688926903037249,0.8727218926106506,27
0.6,Local Feedback,0.008915122549197888,0.9545238465128051,0.03874410076657903,27
0.6,Global Optimal,0.34869779745842105,0.055386263506712496,1.0,28
0.6,Local Feedback,0.3098970858127778,0.11127317674058379,0.8887268232594161,28
0.6,Global Optimal,0.24569636766405126,0.09089309772938214,0.9999999999999999,29
0.6,Local Feedback,0.18837518841292894,0.23330088188157283,0.7666991181184272,29
0.6,Global Optimal,0.20081567180682433,0.1688926903037249,0.8727218926106506,30
0.6,Local Feedback,0.008915122549197888,0.9545238465128051,0.03874410076657903,30
0.6,Global Optimal,0.3838844520742284,0.1064347481851119,0.9635629369310261,31
0.6,Local Feedback,0.012786608843413462,0.9671176149389834,0.03209481994901258,31
0.6,Global Optimal,0.28071781057606937,0.10353768815689812,0.9999999999999998,32
0.6,Local Feedback,0.1711611655506377,0.3902732242055009,0.609726775794499,32
0.6,Global Optimal,0.348697797458421,0.053140447811103164,1.0000000000000002,33
0.6,Local Feedback,0.3154345701699483,0.09539270833059665,0.9046072916694032,33
0.6,Global Optimal,0.34869779745842105,0.055386263506712496,1.0,34
0.6,Local Feedback,0.3098970858127778,0.11127317674058379,0.8887268232594161,34
0.6,Global Optimal,0.4253999556341508,0.03678116185621194,0.9999999999999999,35
0.6,Local Feedback,0.39383047726744197,0.07421128739810923,0.9257887126018908,35
0.6,Global Optimal,0.3838844520742284,0.09804260261210174,0.9635629369310262,36
0.6,Local Feedback,0.013044495629652923,0.9664377132258368,0.03274212449026697,36
0.6,Global Optimal,0.28071781057606937,0.05799567247632553,1.0000000000000002,37
0.6,Local Feedback,0.2266496843088882,0.19260668269044412,0.807393317309556,37
0.6,Global Optimal,0.16213294214929738,0.08366540226426089,1.0000000000000004,38
0.6,Local Feedback,0.14976598280649098,0.07627666024476665,0.9237233397552334,38
0.6,Global Optimal,0.3838844520742284,0.09804260261210174,0.9635629369310262,39
0.6,Local Feedback,0.013044495629652923,0.9664377132258368,0.03274212449026697,39
0.6,Global Optimal,0.20081567180682436,0.1801566194678923,0.8727218926106503,40
0.6,Local Feedback,0.005400021364411159,0.972855534636055,0.02346787391085829,40
0.6,Global Optimal,0.28071781057606937,0.10353768815689812,0.9999999999999998,41
0.6,Local Feedback,0.1711611655506377,0.3902732242055009,0.609726775794499,41
0.6,Global Optimal,0.348697797458421,0.053140447811103164,1.0000000000000002,42
0.6,Local Feedback,0.3154345701699483,0.09539270833059665,0.9046072916694032,42
0.6,Global Optimal,0.16213294214929738,0.08366540226426089,1.0000000000000004,43
0.6,Local Feedback,0.14976598280649098,0.07627666024476665,0.9237233397552334,43
0.6,Global Optimal,0.34869779745842105,0.055386263506712496,1.0,44
0.6,Local Feedback,0.3098970858127778,0.11127317674058379,0.8887268232594161,44
0.6,Global Optimal,0.20081567180682433,0.1688926903037249,0.8727218926106506,45
0.6,Local Feedback,0.008915122549197888,0.9545238465128051,0.03874410076657903,45
0.6,Global Optimal,0.4253999556341508,0.04769543029030743,0.9999999999999998,46
0.6,Local Feedback,0.3745270656537678,0.11958837631881258,0.8804116236811874,46
0.6,Global Optimal,0.34869779745842105,0.055386263506712496,1.0,47
0.6,Local Feedback,0.3098970858127778,0.11127317674058379,0.8887268232594161,47
0.6,Global Optimal,0.16213294214929738,0.08352643670353155,1.0000000000000002,48
0.6,Local Feedback,0.1506771584369193,0.07065673120166516,0.929343268798335,48
0.6,Global Optimal,0.2301027091300605,0.06288183745034426,1.0000000000000002,49
0.6,Local Feedback,0.21665512744164203,0.05844164868488133,0.9415583513151187,49
0.7,Global Optimal,0.6821293086389414,0.04057898482675992,0.9867335201726632,0
0.7,Local Feedback,0.12162734387277638,0.8227381939577276,0.17593992172583847,0
0.7,Global Optimal,0.6393802712172926,0.027160622356354636,1.0000000000000002,1
0.7,Local Feedback,0.6019940295709789,0.05847262314668433,0.9415273768533159,1
0.7,Global Optimal,0.5495907521350474,0.0348184225150151,1.0000000000000004,2
0.7,Local Feedback,0.4730768004008446,0.13921986757775973,0.8607801324222406,2
0.7,Global Optimal,0.5083137055282081,0.058368707822212706,0.9999999999999996,3
0.7,Local Feedback,0.4149263973002898,0.1837198313015701,0.8162801686984299,3
0.7,Global Optimal,0.3816100600848612,0.08288446511988445,0.9786801839494724,4
0.7,Local Feedback,0.3141124846094226,0.16842517402190882,0.8055753670383151,4
0.7,Global Optimal,0.5083137055282081,0.058368707822212706,0.9999999999999996,5
0.7,Local Feedback,0.4149263973002898,0.1837198313015701,0.8162801686984299,5
0.7,Global Optimal,0.5495907521350474,0.0348184225150151,1.0000000000000004,6
0.7,Local Feedback,0.4730768004008446,0.13921986757775973,0.8607801324222406,6
0.7,Global Optimal,0.7164604404811039,0.021456044224059223,1.0000000000000002,7
0.7,Local Feedback,0.6701662008471698,0.06461520695105982,0.9353847930489404,7
0.7,Global Optimal,0.4904632053692437,0.04162551811406512,1.0000000000000007,8
0.7,Local Feedback,0.4737272053908056,0.034122845088528586,0.9658771549114719,8
0.7,Global Optimal,0.6393802712172926,0.027160622356354636,1.0000000000000002,9
0.7,Local Feedback,0.6019940295709789,0.05847262314668433,0.9415273768533159,9
0.7,Global Optimal,0.4904632053692437,0.04162551811406512,1.0000000000000007,10
0.7,Local Feedback,0.4737272053908056,0.034122845088528586,0.9658771549114719,10
0.7,Global Optimal,0.6821293086389414,0.04057898482675992,0.9867335201726632,11
0.7,Local Feedback,0.12162734387277638,0.8227381939577276,0.17593992172583847,11
0.7,Global Optimal,0.5495907521350474,0.0643905539397629,0.9999999999999998,12
0.7,Local Feedback,0.3750788548596732,0.3175306291043495,0.6824693708956505,12
0.7,Global Optimal,0.38992314991488897,0.06329337869084439,0.9999999999999999,13
0.7,Local Feedback,0.36938797535908735,0.052658666762429585,0.9473353286146667,13
0.7,Global Optimal,0.4904632053692437,0.04162551811406512,1.0000000000000007,14
0.7,Local Feedback,0.4737272053908056,0.034122845088528586,0.9658771549114719,14
0.7,Global Optimal,0.7708705194401201,0.020391019572187585,0.9951341375901548,15
0.7,Local Feedback,0.47116758433745093,0.3912200863309636,0.6082408600093148,15
0.7,Global Optimal,0.46246380051413843,0.09605890366497283,0.942912323394319,16
0.7,Local Feedback,0.01964763125472212,0.9584256732418931,0.040059337865988275,16
0.7,Global Optimal,0.3816100600848612,0.08288446511988445,0.9786801839494724,17
0.7,Local Feedback,0.3141124846094226,0.16842517402190882,0.8055753670383151,17
0.7,Global Optimal,0.7708705194401201,0.020391019572187585,0.9951341375901548,18
0.7,Local Feedback,0.47116758433745093,0.3912200863309636,0.6082408600093148,18
0.7,Global Optimal,0.5083137055282081,0.058368707822212706,0.9999999999999996,19
0.7,Local Feedback,0.4149263973002898,0.1837198313015701,0.8162801686984299,19
0.7,Global Optimal,0.5083137055282082,0.03759852820764675,1.0000000000000002,20
0.7,Local Feedback,0.46306296748843795,0.089015508441732,0.9109787173793626,20
0.7,Global Optimal,0.4624638005141385,0.08521329495571217,0.9429123233943193,21
0.7,Local Feedback,0.025724320302909897,0.9448097328457291,0.0524490318973947,21
0.7,Global Optimal,0.6821293086389414,0.03504804533549044,0.9867335201726634,22
0.7,Local Feedback,0.12378922924780901,0.8195874246172781,0.17906719501449417,22
0.7,Global Optimal,0.3816100600848612,0.08288446511988445,0.9786801839494724,23
0.7,Local Feedback,0.3141124846094226,0.16842517402190882,0.8055753670383151,23
0.7,Global Optimal,0.36723083011381186,0.10059005472316018,0.9418030968255402,24
0.7,Local Feedback,0.03767006403656812,0.8991029344113786,0.09660894472357079,24
0.7,Global Optimal,0.4624638005141385,0.08521329495571217,0.9429123233943193,25
0.7,Local Feedback,0.025724320302909897,0.9448097328457291,0.0524490318973947,25
0.7,Global Optimal,0.5083137055282081,0.058368707822212706,0.9999999999999996,26
0.7,Local Feedback,0.4149263973002898,0.1837198313015701,0.8162801686984299,26
0.7,Global Optimal,0.5083137055282081,0.058368707822212706,0.9999999999999996,27
0.7,Local Feedback,0.4149263973002898,0.1837198313015701,0.8162801686984299,27
0.7,Global Optimal,0.6393802712172924,0.025676102977543858,1.0000000000000004,28
0.7,Local Feedback,0.6070395867565187,0.05058129866785144,0.9494187013321488,28
0.7,Global Optimal,0.36723083011381186,0.10059005472316018,0.9418030968255402,29
0.7,Local Feedback,0.03767006403656812,0.8991029344113786,0.09660894472357079,29
0.7,Global Optimal,0.5495907521350474,0.0348184225150151,1.0000000000000004,30
0.7,Local Feedback,0.4730768004008446,0.13921986757775973,0.8607801324222406,30
0.7,Global Optimal,0.4904632053692437,0.04162551811406512,1.0000000000000007,31
0.7,Local Feedback,0.4737272053908056,0.034122845088528586,0.9658771549114719,31
0.7,Global Optimal,0.6821293086389414,0.03504804533549044,0.9867335201726634,32
0.7,Local Feedback,0.12378922924780901,0.8195874246172781,0.17906719501449417,32
0.7,Global Optimal,0.5495907521350474,0.0348184225150151,1.0000000000000004,33
0.7,Local Feedback,0.4730768004008446,0.13921986757775973,0.8607801324222406,33
0.7,Global Optimal,0.7164604404811039,0.021456044224059223,1.0000000000000002,34
0.7,Local Feedback,0.6701662008471698,0.06461520695105982,0.9353847930489404,34
0.7,Global Optimal,0.716460440481104,0.01522311642372487,1.0000000000000002,35
0.7,Local Feedback,0.6912224189599323,0.03522598052200099,0.9647740194779993,35
0.7,Global Optimal,0.6393802712172924,0.025676102977543858,1.0000000000000004,36
0.7,Local Feedback,0.6070395867565187,0.05058129866785144,0.9494187013321488,36
0.7,Global Optimal,0.7708705194401201,0.020391019572187585,0.9951341375901548,37
0.7,Local Feedback,0.47116758433745093,0.3912200863309636,0.6082408600093148,37
0.7,Global Optimal,0.4624638005141385,0.08521329495571217,0.9429123233943193,38
0.7,Local Feedback,0.025724320302909897,0.9448097328457291,0.0524490318973947,38
0.7,Global Optimal,0.653815117904561,0.04242002136306755,0.9866664008487159,39
0.7,Local Feedback,0.51280731767386,0.20797401364856172,0.7738728221515507,39
0.7,Global Optimal,0.36723083011381186,0.10059005472316018,0.9418030968255402,40
0.7,Local Feedback,0.03767006403656812,0.8991029344113786,0.09660894472357079,40
0.7,Global Optimal,0.6393802712172926,0.027160622356354636,1.0000000000000002,41
0.7,Local Feedback,0.6019940295709789,0.05847262314668433,0.9415273768533159,41
0.7,Global Optimal,0.7708705194401201,0.020391019572187585,0.9951341375901548,42
0.7,Local Feedback,0.47116758433745093,0.3912200863309636,0.6082408600093148,42
0.7,Global Optimal,0.5083137055282082,0.03759852820764675,1.0000000000000002,43
0.7,Local Feedback,0.46306296748843795,0.089015508441732,0.9109787173793626,43
0.7,Global Optimal,0.653815117904561,0.04242002136306755,0.9866664008487159,44
0.7,Local Feedback,0.51280731767386,0.20797401364856172,0.7738728221515507,44
0.7,Global Optimal,0.6821293086389414,0.04057898482675992,0.9867335201726632,45
0.7,Local Feedback,0.12162734387277638,0.8227381939577276,0.17593992172583847,45
0.7,Global Optimal,0.389923149914889,0.06121071686221757,0.9999999999999999,46
0.7,Local Feedback,0.3637131054027742,0.06721848784263207,0.932781512157368,46
0.7,Global Optimal,0.7708705194401201,0.020391019572187585,0.9951341375901548,47
0.7,Local Feedback,0.47116758433745093,0.3912200863309636,0.6082408600093148,47
0.7,Global Optimal,0.46246380051413843,0.09605890366497283,0.942912323394319,48
0.7,Local Feedback,0.01964763125472212,0.9584256732418931,0.040059337865988275,48
0.7,Global Optimal,0.653815117904561,0.04242002136306755,0.9866664008487159,49
0.7,Local Feedback,0.51280731767386,0.20797401364856172,0.7738728221515507,49
0.8,Global Optimal,0.8851635657323083,0.006348925532521421,1.0000000000000002,0
0.8,Local Feedback,0.8686459654986725,0.018660506230811835,0.9813394937691879,0
0.8,Global Optimal,0.8851635657323083,0.006106017377817685,0.9999999999999999,1
0.8,Local Feedback,0.8708321410061443,0.016190707888329214,0.9838092921116707,1
0.8,Global Optimal,0.9082381533114927,0.008346199596586779,0.9964291171749676,2
0.8,Local Feedback,0.5001066097605439,0.45041023907936617,0.5486675337742914,2
0.8,Global Optimal,0.8162658397777254,0.02114932282305615,1.0000000000000002,3
0.8,Local Feedback,0.6775588701975047,0.16992832838684357,0.8300713287009643,3
0.8,Global Optimal,0.7926871526839424,0.022112302578961462,0.9999999999999999,4
0.8,Local Feedback,0.7146549883656572,0.09844005173299131,0.9015599482670082,4
0.8,Global Optimal,0.8851635657323083,0.006106017377817685,0.9999999999999999,5
0.8,Local Feedback,0.8708321410061443,0.016190707888329214,0.9838092921116707,5
0.8,Global Optimal,0.9082381533114926,0.006927597881687397,0.9964291171749673,6
0.8,Local Feedback,0.5037710345857679,0.44638323698761073,0.5526877784427624,6
0.8,Global Optimal,0.9222677099605465,0.00298521645483385,1.0,7
0.8,Local Feedback,0.9134860991675331,0.009521758918989542,0.9904782410810103,7
0.8,Global Optimal,0.8162658397777254,0.02114932282305615,1.0000000000000002,8
0.8,Local Feedback,0.6775588701975047,0.16992832838684357,0.8300713287009643,8
0.8,Global Optimal,0.7689924736343319,0.028534407519042015,0.9815760229466289,9
0.8,Local Feedback,0.2375940839422611,0.6929017469796668,0.30327560280205085,9
0.8,Global Optimal,0.9486382268879964,0.002957823520995273,0.9988811446762229,10
0.8,Local Feedback,0.8434855142165539,0.11175371484279994,0.8881592076701342,10
0.8,Global Optimal,0.9082381533114927,0.008346199596586779,0.9964291171749676,11
0.8,Local Feedback,0.5001066097605439,0.45041023907936617,0.5486675337742914,11
0.8,Global Optimal,0.9222677099605465,0.00298521645483385,1.0,12
0.8,Local Feedback,0.9134860991675331,0.009521758918989542,0.9904782410810103,12
0.8,Global Optimal,0.8851635657323083,0.006348925532521421,1.0000000000000002,13
0.8,Local Feedback,0.8686459654986725,0.018660506230811835,0.9813394937691879,13
0.8,Global Optimal,0.6883591765034892,0.03553280511112811,0.9811573656629697,14
0.8,Local Feedback,0.2709585458670175,0.6078887463626128,0.3862125793356142,14
0.8,Global Optimal,0.7926871526839423,0.012600082281326364,1.0,15
0.8,Local Feedback,0.7609644749423325,0.04001916472873379,0.9599808352712661,15
0.8,Global Optimal,0.7689924736343319,0.028534407519042015,0.9815760229466289,16
0.8,Local Feedback,0.2375940839422611,0.6929017469796668,0.30327560280205085,16
0.8,Global Optimal,0.8162658397777254,0.02114932282305615,1.0000000000000002,17
0.8,Local Feedback,0.6775588701975047,0.16992832838684357,0.8300713287009643,17
0.8,Global Optimal,0.7689924736343319,0.028534407519042015,0.9815760229466289,18
0.8,Local Feedback,0.2375940839422611,0.6929017469796668,0.30327560280205085,18
0.8,Global Optimal,0.7926871526839424,0.022112302578961462,0.9999999999999999,19
0.8,Local Feedback,0.7146549883656572,0.09844005173299131,0.9015599482670082,19
0.8,Global Optimal,0.6968406371602811,0.03391547532355432,0.9932464724534998,20
0.8,Local Feedback,0.6416221370478404,0.0721578670466505,0.9145404132397923,20
0.8,Global Optimal,0.8162658397777255,0.012001228605525771,1.0,21
0.8,Local Feedback,0.7610843210395177,0.06760238643973371,0.9323976135602663,21
0.8,Global Optimal,0.7926871526839423,0.012600082281326364,1.0,22
0.8,Local Feedback,0.7609644749423325,0.04001916472873379,0.9599808352712661,22
0.8,Global Optimal,0.7926871526839423,0.012600082281326364,1.0,23
0.8,Local Feedback,0.7609644749423325,0.04001916472873379,0.9599808352712661,23
0.8,Global Optimal,0.7926871526839424,0.022112302578961462,0.9999999999999999,24
0.8,Local Feedback,0.7146549883656572,0.09844005173299131,0.9015599482670082,24
0.8,Global Optimal,0.9222677099605461,0.004407913821269593,1.0000000000000002,25
0.8,Local Feedback,0.9043147347661052,0.019466121388125757,0.9805338786118744,25
0.8,Global Optimal,0.7834263018424851,0.02162234123632334,1.0000000000000002,26
0.8,Local Feedback,0.7196894006960666,0.08135358647565816,0.9186433988793584,26
0.8,Global Optimal,0.6883591765034892,0.03553280511112811,0.9811573656629697,27
0.8,Local Feedback,0.2709585458670175,0.6078887463626128,0.3862125793356142,27
0.8,Global Optimal,0.7834263018424851,0.02162234123632334,1.0000000000000002,28
0.8,Local Feedback,0.7196894006960666,0.08135358647565816,0.9186433988793584,28
0.8,Global Optimal,0.8162658397777255,0.012001228605525771,1.0,29
0.8,Local Feedback,0.7610843210395177,0.06760238643973371,0.9323976135602663,29
0.8,Global Optimal,0.9082381533114926,0.006927597881687397,0.9964291171749673,30
0.8,Local Feedback,0.5037710345857679,0.44638323698761073,0.5526877784427624,30
0.8,Global Optimal,0.7015787687007412,0.025750019155484916,1.0,31
0.8,Local Feedback,0.6727763593743246,0.04105370716926893,0.958946292830731,31
0.8,Global Optimal,0.8907789097004212,0.011383428358491599,0.9945868774398695,32
0.8,Local Feedback,0.8140926451965458,0.08435063181263736,0.9089638889240231,32
0.8,Global Optimal,0.7689924736343318,0.024017896755426094,0.9815760229466292,33
0.8,Local Feedback,0.2545041187651238,0.6699392623581413,0.3248603195559985,33
0.8,Global Optimal,0.6883591765034892,0.03553280511112811,0.9811573656629697,34
0.8,Local Feedback,0.2709585458670175,0.6078887463626128,0.3862125793356142,34
0.8,Global Optimal,0.9486382268879964,0.002957823520995273,0.9988811446762229,35
0.8,Local Feedback,0.8434855142165539,0.11175371484279994,0.8881592076701342,35
0.8,Global Optimal,0.9082381533114926,0.006927597881687397,0.9964291171749673,36
0.8,Local Feedback,0.5037710345857679,0.44638323698761073,0.5526877784427624,36
0.8,Global Optimal,0.7834263018424851,0.014698963851115021,1.0000000000000002,37
0.8,Local Feedback,0.7741912019805943,0.011788090137095364,0.9882119098629044,37
0.8,Global Optimal,0.8851635657323083,0.006348925532521421,1.0000000000000002,38
0.8,Local Feedback,0.8686459654986725,0.018660506230811835,0.9813394937691879,38
0.8,Global Optimal,0.9082381533114927,0.008346199596586779,0.9964291171749676,39
0.8,Local Feedback,0.5001066097605439,0.45041023907936617,0.5486675337742914,39
0.8,Global Optimal,0.8907789097004212,0.011383428358491599,0.9945868774398695,40
0.8,Local Feedback,0.8140926451965458,0.08435063181263736,0.9089638889240231,40
0.8,Global Optimal,0.7834263018424851,0.02162234123632334,1.0000000000000002,41
0.8,Local Feedback,0.7196894006960666,0.08135358647565816,0.9186433988793584,41
0.8,Global Optimal,0.7834263018424851,0.02162234123632334,1.0000000000000002,42
0.8,Local Feedback,0.7196894006960666,0.08135358647565816,0.9186433988793584,42
0.8,Global Optimal,0.7926871526839423,0.012600082281326364,1.0,43
0.8,Local Feedback,0.7609644749423325,0.04001916472873379,0.9599808352712661,43
0.8,Global Optimal,0.9222677099605461,0.004407913821269593,1.0000000000000002,44
0.8,Local Feedback,0.9043147347661052,0.019466121388125757,0.9805338786118744,44
0.8,Global Optimal,0.7926871526839424,0.022112302578961462,0.9999999999999999,45
0.8,Local Feedback,0.7146549883656572,0.09844005173299131,0.9015599482670082,45
0.8,Global Optimal,0.7834263018424851,0.02162234123632334,1.0000000000000002,46
0.8,Local Feedback,0.7196894006960666,0.08135358647565816,0.9186433988793584,46
0.8,Global Optimal,0.9222677099605461,0.004407913821269593,1.0000000000000002,47
0.8,Local Feedback,0.9043147347661052,0.019466121388125757,0.9805338786118744,47
0.8,Global Optimal,0.8907789097004212,0.011383428358491599,0.9945868774398695,48
0.8,Local Feedback,0.8140926451965458,0.08435063181263736,0.9089638889240231,48
0.8,Global Optimal,0.8907789097004212,0.011383428358491599,0.9945868774398695,49
0.8,Local Feedback,0.8140926451965458,0.08435063181263736,0.9089638889240231,49
0.9,Global Optimal,0.9406835769882497,0.005339474640723929,0.9974099605814628,0
0.9,Local Feedback,0.8209339783303149,0.12604864188600484,0.8704390583579313,0
0.9,Global Optimal,0.9924619611318621,0.0005834617588953428,0.9996598860668083,1
0.9,Local Feedback,0.9246798544057095,0.06839718878321732,0.9313861831548919,1
0.9,Global Optimal,0.9634102974300985,0.0026632815858042003,0.9979838458563958,2
0.9,Local Feedback,0.8346178709739095,0.13395101413422117,0.8645694933061,2
0.9,Global Optimal,0.969937372630006,0.002241444708583229,1.0000000000000002,3
0.9,Local Feedback,0.9506874139392184,0.01935253722644048,0.9801534003802836,3
0.9,Global Optimal,0.9924619611318621,0.0005834617588953428,0.9996598860668083,4
0.9,Local Feedback,0.9246798544057095,0.06839718878321732,0.9313861831548919,4
0.9,Global Optimal,0.9431263113112058,0.004459459415585232,1.0000000000000004,5
0.9,Local Feedback,0.933295122147783,0.010424042936258204,0.9895759570637421,5
0.9,Global Optimal,0.9924619611318621,0.00048682417042456017,0.9996598860671416,6
0.9,Local Feedback,0.9253783518029155,0.06769346182759661,0.932089746471025,6
0.9,Global Optimal,0.9431263113112058,0.004296181994755011,1.0000000000000004,7
0.9,Local Feedback,0.9375081211738713,0.005956985898870393,0.9940430141011299,7
0.9,Global Optimal,0.9924619611318621,0.00048682417042456017,0.9996598860671416,8
0.9,Local Feedback,0.9253783518029155,0.06769346182759661,0.932089746471025,8
0.9,Global Optimal,0.9893265213047617,0.0004017487537174569,1.0000000000000002,9
0.9,Local Feedback,0.9877618789820862,0.0015815226712129205,0.9984184773287875,9
0.9,Global Optimal,0.9893265213047617,0.0004017487537174569,1.0000000000000002,10
0.9,Local Feedback,0.9877618789820862,0.0015815226712129205,0.9984184773287875,10
0.9,Global Optimal,0.9419549348060833,0.0052845772301715055,0.9987579855518046,11
0.9,Local Feedback,0.9274190266793528,0.013810114767169313,0.9833455132748706,11
0.9,Global Optimal,0.9653566051496265,0.001887321356808247,1.0000000000000004,12
0.9,Local Feedback,0.9641246970498871,0.001276117129326182,0.998723882870674,12
0.9,Global Optimal,0.9665442466992662,0.003360519953450991,1.0000000000000007,13
0.9,Local Feedback,0.9469353250448026,0.020287660623326653,0.9797123393766737,13
0.9,Global Optimal,0.9893265213047618,0.0004241387377771355,1.0000000000000004,14
0.9,Local Feedback,0.9876012906088282,0.001743843573159376,0.9982561564268408,14
0.9,Global Optimal,0.994021029771472,0.00017694313695981734,1.0000000000000002,15
0.9,Local Feedback,0.9932586839660115,0.0007669312646590987,0.999233068735341,15
0.9,Global Optimal,0.9924619611318621,0.00048682417042456017,0.9996598860671416,16
0.9,Local Feedback,0.9253783518029155,0.06769346182759661,0.932089746471025,16
0.9,Global Optimal,0.9634102974300985,0.0026632815858042003,0.9979838458563958,17
0.9,Local Feedback,0.8346178709739095,0.13395101413422117,0.8645694933061,17
0.9,Global Optimal,0.9924619611318621,0.00048682417042456017,0.9996598860671416,18
0.9,Local Feedback,0.9253783518029155,0.06769346182759661,0.932089746471025,18
0.9,Global Optimal,0.9665442466992662,0.003360519953450991,1.0000000000000007,19
0.9,Local Feedback,0.9469353250448026,0.020287660623326653,0.9797123393766737,19
0.9,Global Optimal,0.9893265213047618,0.0004241387377771355,1.0000000000000004,20
0.9,Local Feedback,0.9876012906088282,0.001743843573159376,0.9982561564268408,20
0.9,Global Optimal,0.9431263113112058,0.004296181994755011,1.0000000000000004,21
0.9,Local Feedback,0.9375081211738713,0.005956985898870393,0.9940430141011299,21
0.9,Global Optimal,0.9924619611318621,0.00048682417042456017,0.9996598860671416,22
0.9,Local Feedback,0.9253783518029155,0.06769346182759661,0.932089746471025,22
0.9,Global Optimal,0.969937372630006,0.002241444708583229,1.0000000000000002,23
0.9,Local Feedback,0.9506874139392184,0.01935253722644048,0.9801534003802836,23
0.9,Global Optimal,0.9431263113112058,0.004296181994755011,1.0000000000000004,24
0.9,Local Feedback,0.9375081211738713,0.005956985898870393,0.9940430141011299,24
0.9,Global Optimal,0.9940210297714719,0.0002564826550581767,1.0,25
0.9,Local Feedback,0.992240008468949,0.0017917340269275606,0.9982082659730727,25
0.9,Global Optimal,0.989844054921652,0.0003806579218963435,0.9992937239986557,26
0.9,Local Feedback,0.9794742900412517,0.010395136377916558,0.9888249628712821,26
0.9,Global Optimal,0.9699373726300059,0.0018991862402629733,1.0000000000000004,27
0.9,Local Feedback,0.9570580438391907,0.013278515865300267,0.9867214841346998,27
0.9,Global Optimal,0.9431263113112058,0.004296181994755011,1.0000000000000004,28
0.9,Local Feedback,0.9375081211738713,0.005956985898870393,0.9940430141011299,28
0.9,Global Optimal,0.9406835769882497,0.005339474640723929,0.9974099605814628,29
0.9,Local Feedback,0.8209339783303149,0.12604864188600484,0.8704390583579313,29
0.9,Global Optimal,0.9893265213047617,0.0004017487537174569,1.0000000000000002,30
0.9,Local Feedback,0.9877618789820862,0.0015815226712129205,0.9984184773287875,30
0.9,Global Optimal,0.9653566051496267,0.0021559485335859163,1.0000000000000002,31
0.9,Local Feedback,0.9496956958272815,0.01622276405755907,0.9837770734267492,31
0.9,Global Optimal,0.9893265213047618,0.0004241387377771355,1.0000000000000004,32
0.9,Local Feedback,0.9876012906088282,0.001743843573159376,0.9982561564268408,32
0.9,Global Optimal,0.9924619611318621,0.0005834617588953428,0.9996598860668083,33
0.9,Local Feedback,0.9246798544057095,0.06839718878321732,0.9313861831548919,33
0.9,Global Optimal,0.9893265213047617,0.0004017487537174569,1.0000000000000002,34
0.9,Local Feedback,0.9877618789820862,0.0015815226712129205,0.9984184773287875,34
0.9,Global Optimal,0.9431263113112058,0.004296181994755011,1.0000000000000004,35
0.9,Local Feedback,0.9375081211738713,0.005956985898870393,0.9940430141011299,35
0.9,Global Optimal,0.9893265213047618,0.0004241387377771355,1.0000000000000004,36
0.9,Local Feedback,0.9876012906088282,0.001743843573159376,0.9982561564268408,36
0.9,Global Optimal,0.9940210297714719,0.0002564826550581767,1.0,37
0.9,Local Feedback,0.992240008468949,0.0017917340269275606,0.9982082659730727,37
0.9,Global Optimal,0.9665442466992662,0.003360519953450991,1.0000000000000007,38
0.9,Local Feedback,0.9469353250448026,0.020287660623326653,0.9797123393766737,38
0.9,Global Optimal,0.9419549348060833,0.0052845772301715055,0.9987579855518046,39
0.9,Local Feedback,0.9274190266793528,0.013810114767169313,0.9833455132748706,39
0.9,Global Optimal,0.9634102974300986,0.0021736635556283135,0.9979838458563962,40
0.9,Local Feedback,0.8457987331548358,0.1219578526024162,0.8761515989459049,40
0.9,Global Optimal,0.9893265213047617,0.0004017487537174569,1.0000000000000002,41
0.9,Local Feedback,0.9877618789820862,0.0015815226712129205,0.9984184773287875,41
0.9,Global Optimal,0.969937372630006,0.002241444708583229,1.0000000000000002,42
0.9,Local Feedback,0.9506874139392184,0.01935253722644048,0.9801534003802836,42
0.9,Global Optimal,0.9431263113112058,0.004296181994755011,1.0000000000000004,43
0.9,Local Feedback,0.9375081211738713,0.005956985898870393,0.9940430141011299,43
0.9,Global Optimal,0.9419549348060833,0.0052845772301715055,0.9987579855518046,44
0.9,Local Feedback,0.9274190266793528,0.013810114767169313,0.9833455132748706,44
0.9,Global Optimal,0.9431263113112058,0.004459459415585232,1.0000000000000004,45
0.9,Local Feedback,0.933295122147783,0.010424042936258204,0.9895759570637421,45
0.9,Global Optimal,0.969937372630006,0.002241444708583229,1.0000000000000002,46
0.9,Local Feedback,0.9506874139392184,0.01935253722644048,0.9801534003802836,46
0.9,Global Optimal,0.9940210297714719,0.0002564826550581767,1.0,47
0.9,Local Feedback,0.992240008468949,0.0017917340269275606,0.9982082659730727,47
0.9,Global Optimal,0.9653566051496267,0.0021559485335859163,1.0000000000000002,48
0.9,Local Feedback,0.9496956958272815,0.01622276405755907,0.9837770734267492,48
0.9,Global Optimal,0.9940210297714719,0.0002564826550581767,1.0,49
0.9,Local Feedback,0.992240008468949,0.0017917340269275606,0.9982082659730727,49
1.0,Global Optimal,1.0,0.0,1.0,0
1.0,Local Feedback,1.0,0.0,1.0,0
1.0,Global Optimal,1.0,0.0,1.0,1
1.0,Local Feedback,1.0,0.0,1.0,1
1.0,Global Optimal,1.0,0.0,1.0,2
1.0,Local Feedback,1.0,0.0,1.0,2
1.0,Global Optimal,1.0,0.0,1.0,3
1.0,Local Feedback,1.0,0.0,1.0,3
1.0,Global Optimal,1.0,0.0,1.0,4
1.0,Local Feedback,1.0,0.0,1.0,4
1.0,Global Optimal,1.0,0.0,1.0,5
1.0,Local Feedback,1.0,0.0,1.0,5
1.0,Global Optimal,1.0,0.0,1.0,6
1.0,Local Feedback,1.0,0.0,1.0,6
1.0,Global Optimal,1.0,0.0,1.0,7
1.0,Local Feedback,1.0,0.0,1.0,7
1.0,Global Optimal,1.0,0.0,1.0,8
1.0,Local Feedback,1.0,0.0,1.0,8
1.0,Global Optimal,1.0,0.0,1.0,9
1.0,Local Feedback,1.0,0.0,1.0,9
1.0,Global Optimal,1.0,0.0,1.0,10
1.0,Local Feedback,1.0,0.0,1.0,10
1.0,Global Optimal,1.0,0.0,1.0,11
1.0,Local Feedback,1.0,0.0,1.0,11
1.0,Global Optimal,1.0,0.0,1.0,12
1.0,Local Feedback,1.0,0.0,1.0,12
1.0,Global Optimal,1.0,0.0,1.0,13
1.0,Local Feedback,1.0,0.0,1.0,13
1.0,Global Optimal,1.0,0.0,1.0,14
1.0,Local Feedback,1.0,0.0,1.0,14
1.0,Global Optimal,1.0,0.0,1.0,15
1.0,Local Feedback,1.0,0.0,1.0,15
1.0,Global Optimal,1.0,0.0,1.0,16
1.0,Local Feedback,1.0,0.0,1.0,16
1.0,Global Optimal,1.0,0.0,1.0,17
1.0,Local Feedback,1.0,0.0,1.0,17
1.0,Global Optimal,1.0,0.0,1.0,18
1.0,Local Feedback,1.0,0.0,1.0,18
1.0,Global Optimal,1.0,0.0,1.0,19
1.0,Local Feedback,1.0,0.0,1.0,19
1.0,Global Optimal,1.0,0.0,1.0,20
1.0,Local Feedback,1.0,0.0,1.0,20
1.0,Global Optimal,1.0,0.0,1.0,21
1.0,Local Feedback,1.0,0.0,1.0,21
1.0,Global Optimal,1.0,0.0,1.0,22
1.0,Local Feedback,1.0,0.0,1.0,22
1.0,Global Optimal,1.0,0.0,1.0,23
1.0,Local Feedback,1.0,0.0,1.0,23
1.0,Global Optimal,1.0,0.0,1.0,24
1.0,Local Feedback,1.0,0.0,1.0,24
1.0,Global Optimal,1.0,0.0,1.0,25
1.0,Local Feedback,1.0,0.0,1.0,25
1.0,Global Optimal,1.0,0.0,1.0,26
1.0,Local Feedback,1.0,0.0,1.0,26
1.0,Global Optimal,1.0,0.0,1.0,27
1.0,Local Feedback,1.0,0.0,1.0,27
1.0,Global Optimal,1.0,0.0,1.0,28
1.0,Local Feedback,1.0,0.0,1.0,28
1.0,Global Optimal,1.0,0.0,1.0,29
1.0,Local Feedback,1.0,0.0,1.0,29
1.0,Global Optimal,1.0,0.0,1.0,30
1.0,Local Feedback,1.0,0.0,1.0,30
1.0,Global Optimal,1.0,0.0,1.0,31
1.0,Local Feedback,1.0,0.0,1.0,31
1.0,Global Optimal,1.0,0.0,1.0,32
1.0,Local Feedback,1.0,0.0,1.0,32
1.0,Global Optimal,1.0,0.0,1.0,33
1.0,Local Feedback,1.0,0.0,1.0,33
1.0,Global Optimal,1.0,0.0,1.0,34
1.0,Local Feedback,1.0,0.0,1.0,34
1.0,Global Optimal,1.0,0.0,1.0,35
1.0,Local Feedback,1.0,0.0,1.0,35
1.0,Global Optimal,1.0,0.0,1.0,36
1.0,Local Feedback,1.0,0.0,1.0,36
1.0,Global Optimal,1.0,0.0,1.0,37
1.0,Local Feedback,1.0,0.0,1.0,37
1.0,Global Optimal,1.0,0.0,1.0,38
1.0,Local Feedback,1.0,0.0,1.0,38
1.0,Global Optimal,1.0,0.0,1.0,39
1.0,Local Feedback,1.0,0.0,1.0,39
1.0,Global Optimal,1.0,0.0,1.0,40
1.0,Local Feedback,1.0,0.0,1.0,40
1.0,Global Optimal,1.0,0.0,1.0,41
1.0,Local Feedback,1.0,0.0,1.0,41
1.0,Global Optimal,1.0,0.0,1.0,42
1.0,Local Feedback,1.0,0.0,1.0,42
1.0,Global Optimal,1.0,0.0,1.0,43
1.0,Local Feedback,1.0,0.0,1.0,43
1.0,Global Optimal,1.0,0.0,1.0,44
1.0,Local Feedback,1.0,0.0,1.0,44
1.0,Global Optimal,1.0,0.0,1.0,45
1.0,Local Feedback,1.0,0.0,1.0,45
1.0,Global Optimal,1.0,0.0,1.0,46
1.0,Local Feedback,1.0,0.0,1.0,46
1.0,Global Optimal,1.0,0.0,1.0,47
1.0,Local Feedback,1.0,0.0,1.0,47
1.0,Global Optimal,1.0,0.0,1.0,48
1.0,Local Feedback,1.0,0.0,1.0,48
1.0,Global Optimal,1.0,0.0,1.0,49
1.0,Local Feedback,1.0,0.0,1.0,49
